,variable,coef_per_SD,odds_ratio_per_SD
GCS_last,GCS,-0.4338997200927446,0.6479772313240714
Age,Age,0.33034944290389434,1.391454277341506
GCS_max,GCS,-0.2725861624790974,0.7614078215632786
GCS_mean,GCS,-0.2278673245963601,0.796229892950278
HR_last,HR,0.20553489219524038,1.228181834174592
BUN_last,BUN,0.19995198110043308,1.2213441091519366
GCS_count,GCS,0.19877598200526983,1.2199086537972232
measured_RespRate,RespRate,-0.1972585193112493,0.8209783671143674
BUN_min,BUN,0.18206813414087705,1.1996959313468767
Bilirubin_last,Bilirubin,0.1760689614266662,1.1925202937158963
HCT_count,HCT,-0.17377090814028043,0.8404894248898013
Urine_count,Urine,-0.17204104421558855,0.8419446155029963
pH_mean,pH,0.1601017877187913,1.173630326065772
HCO3_first,HCO3,0.15597020430537,1.1687913776200733
GCS_first,GCS,0.154481356859772,1.167052520330889
Temp_mean,Temp,-0.15010261219286655,0.860619661823334
GCS_min,GCS,0.1478473536842845,1.159335914499478
Lactate_last,Lactate,0.13970309006768367,1.1499323218379311
Na_last,Na,0.13273773867014357,1.141950469606421
pH_min,pH,-0.13049863199354286,0.8776576935893092
ICUType_CSRU,ICUType,-0.13013074120187412,0.8779806351729931
Na_first,Na,-0.12927021648791623,0.8787364843747526
HCO3_last,HCO3,-0.12768642535789648,0.8801293221152107
Urine_last,Urine,-0.12519539271193708,0.8823244859665471
Temp_last,Temp,-0.11926385257200545,0.8875735812913362
MechVent_any,MechVent,-0.11882202153984757,0.8879658254893227
measured_MechVent,MechVent,-0.11882202153984743,0.8879658254893228
SysABP_min,SysABP,-0.11413050122619721,0.8921415227225817
ICUType_MICU,ICUType,0.11119176468875355,1.1176092042876695
Urine_max,Urine,-0.10973565830247999,0.8960709729141988
NIMAP_first,NIMAP,0.10963678066075391,1.1158726903011176
measured_TroponinT,TroponinT,0.10698840225049662,1.1129213470214774
Glucose_last,Glucose,0.10687664872231793,1.1127969810836578
MAP_last,MAP,-0.10489103586022745,0.9004226310184388
RespRate_count,RespRate,-0.10005262482392345,0.9047898023790498
Creatinine_max,Creatinine,-0.09888348552959342,0.9058482463037475
Urine_min,Urine,-0.0988120200875786,0.9059129854623467
AST_min,AST,0.09873040945953632,1.103768693846121
PaO2_mean,PaO2,-0.09866860005947303,0.9060429208456283
measured_Urine,Urine,-0.09866546160624629,0.906045764423419
Creatinine_first,Creatinine,-0.09791203205680564,0.9067286633012738
pH_max,pH,0.08954001197764239,1.093671092380198
Na_count,Na,0.08949677681904916,1.0936238083592436
HCT_last,HCT,0.08933085380266147,1.0934423660513108
TroponinI_last,TroponinI,0.08908703923563456,1.0931758013717596
DiasABP_min,DiasABP,-0.08733680791232758,0.9163684035221845
MAP_mean,MAP,0.08653045379703697,1.0903845735626503
PaCO2_min,PaCO2,0.08507096628971036,1.0887943316507378
HCT_max,HCT,-0.08185562037531172,0.9214049811986195
pH_last,pH,-0.08094493692952541,0.9222444716588757
Temp_count,Temp,-0.0809341673473891,0.922254403899946
Platelets_last,Platelets,-0.0792622425827995,0.9237976335995676
FiO2_count,FiO2,0.07907543402942722,1.082285960182099
K_max,K,-0.07693574602771303,0.9259493476188326
Urine_mean,Urine,-0.07665266712352714,0.9262115014488471
PaCO2_last,PaCO2,-0.0754922538689361,0.9272869133921441
Bilirubin_min,Bilirubin,0.07470017545054933,1.0775610231979598
RespRate_mean,RespRate,0.0723726395869331,1.075055877810051
measured_TroponinI,TroponinI,0.07213631566301389,1.074801846404606
WBC_last,WBC,0.07107091216602722,1.0736573585378242
Creatinine_mean,Creatinine,-0.06966183288066871,0.9327091781569985
Mg_max,Mg,0.06827561542408891,1.0706603583254775
FiO2_mean,FiO2,0.06756620124182781,1.0699010860340055
Albumin_max,Albumin,-0.06699287357162831,0.9352018659621399
Glucose_mean,Glucose,0.06687130091934902,1.0691578696848478
HR_max,HR,0.0657783281257982,1.067989947591074
measured_PaCO2,PaCO2,0.0654485980424754,1.0676378572272494
ICUType_CCU,ICUType,-0.06431887846104464,0.9377059376247613
pH_count,pH,-0.06265212775703104,0.939270162881103
PaO2_last,PaO2,-0.06105934581029025,0.9407674075152271
K_last,K,0.05944599111307617,1.0612484425845654
Urine_first,Urine,0.059429707080055405,1.0612311613205878
measured_pH,pH,0.05915036738855844,1.0609347587358082
BUN_mean,BUN,0.05902167573090139,1.0607982340680218
Bilirubin_first,Bilirubin,-0.058683506196227114,0.9430051772279745
NIDiasABP_mean,NIDiasABP,-0.05776629884762514,0.9438705052882611
NISysABP_max,NISysABP,-0.05772671447720748,0.9439078685474644
NIMAP_max,NIMAP,-0.057670797668931476,0.9439606503384611
Glucose_first,Glucose,-0.057477504917777825,0.9441431287248524
Mg_count,Mg,0.05682786289467375,1.058473592132474
NIMAP_min,NIMAP,0.05674216534143316,1.0583828874220997
measured_Bilirubin,Bilirubin,0.0567035741550404,1.0583420439589202
Lactate_first,Lactate,0.056144255098927585,1.0577502585996907
Temp_max,Temp,0.05568881450019125,1.0572686258744741
NIDiasABP_min,NIDiasABP,-0.05552074170445863,0.9459924019721198
FiO2_min,FiO2,0.05440656107807076,1.0559138083561752
ALT_min,ALT,-0.05407122530963572,0.9473646277597796
ICUType_SICU,ICUType,0.05107026256257289,1.0523968347839694
NISysABP_mean,NISysABP,0.050437897070242495,1.0517315457165086
measured_PaO2,PaO2,0.04971542799080844,1.0509719766104981
HCO3_max,HCO3,-0.04939074844818431,0.951809139081796
BUN_first,BUN,-0.048993974493029516,0.9521868670898244
measured_WBC,WBC,0.048739959750610365,1.0499472866834691
Temp_min,Temp,-0.048377499800548555,0.952774047168131
PaCO2_count,PaCO2,-0.04776057966178275,0.9533620140111677
ALT_first,ALT,0.04767798056189173,1.048832856371397
Weight_first,Weight,-0.0474752339320157,0.9536340906068892
Weight,Weight,-0.0474752339320157,0.9536340906068892
TroponinT_max,TroponinT,0.047356526355904274,1.0484957588219537
NISysABP_last,NISysABP,-0.04726618320833754,0.9538334693430632
measured_Weight,Weight,-0.04665550485769212,0.9544161326847487
SaO2_mean,SaO2,-0.04561937288754507,0.9554055462456414
PaO2_count,PaO2,-0.044934906691118666,0.9560597128978656
measured_Platelets,Platelets,0.04442905038937796,1.0454308011708484
PaCO2_mean,PaCO2,-0.044081908406947416,0.9568755781088762
K_count,K,0.04366002060856511,1.0446271428091833
Bilirubin_mean,Bilirubin,0.04359286432874812,1.04455699189204
FiO2_first,FiO2,-0.04337782415024067,0.9575495363729095
ALT_last,ALT,-0.04335580679864171,0.9575706193098197
TroponinT_min,TroponinT,-0.04331174320994426,0.9576128142373609
Albumin_first,Albumin,-0.04329766011626737,0.9576263004832938
measured_ALP,ALP,-0.04323163142521338,0.9576895333820034
Temp_first,Temp,-0.04307175965970157,0.957842653137954
Mg_min,Mg,0.04294029542051168,1.0438755688381813
Mg_first,Mg,-0.042836378891158385,0.9580681374140831
ALP_last,ALP,0.042769784029480125,1.0436975913369018
SaO2_count,SaO2,0.042752819593451126,1.043679885746063
DiasABP_mean,DiasABP,0.041955912913847974,1.0428485015855382
BUN_count,BUN,-0.04174564346901485,0.9591137063842841
TroponinI_min,TroponinI,-0.041254336208615204,0.9595850416875267
PaCO2_max,PaCO2,0.04038922431209932,1.0412159618993366
measured_Cholesterol,Cholesterol,-0.040251880739475984,0.9605474652734679
TroponinT_last,TroponinT,0.0395254552928192,1.0403169801212664
AST_mean,AST,-0.03905558816364692,0.9616972486764576
ALP_max,ALP,-0.03898077606738875,0.9617691979549015
Gender,Gender,0.038473783441628634,1.0392234831377412
TroponinI_first,TroponinI,0.038191361295751326,1.038930024853097
Weight_max,Weight,-0.0378163177227215,0.9628897904381144
Mg_mean,Mg,-0.037757797933779876,0.9629461401941968
WBC_first,WBC,0.036609040361703815,1.0372874040451316
PaO2_min,PaO2,0.03622309591757689,1.0368871459782345
PaO2_first,PaO2,0.03618684990415046,1.0368495636339288
Na_max,Na,0.03618626213916695,1.0368489542102413
Lactate_min,Lactate,0.036163630445775544,1.036825488828148
Creatinine_count,Creatinine,-0.03602424231976257,0.964616908648125
NIMAP_mean,NIMAP,0.03573971803882069,1.0363860587860907
measured_SysABP,SysABP,-0.03549195984408632,0.9651304939984543
DiasABP_last,DiasABP,-0.03507207760862919,0.9655358202364708
NIDiasABP_first,NIDiasABP,0.03487908021929284,1.0354944894624392
WBC_min,WBC,-0.03480012383022183,0.9657984370591718
measured_DiasABP,DiasABP,-0.03479383101096477,0.9658045146732975
RespRate_first,RespRate,0.034520871109531136,1.0351236323293729
NISysABP_min,NISysABP,-0.034236100863427134,0.9663433232086738
measured_ALT,ALT,0.03392337017143737,1.0345053297246012
measured_HR,HR,0.03312335738108788,1.0336780431931634
measured_GCS,GCS,0.03312335738108788,1.0336780431931634
measured_Temp,Temp,0.03312335738108788,1.0336780431931634
SysABP_mean,SysABP,0.032913156124179846,1.033460785603955
PaCO2_first,PaCO2,0.03244112424424877,1.0329730742831928
ALT_mean,ALT,-0.03231466495732843,0.968201874939719
MAP_min,MAP,-0.03215198183345953,0.9683593978580828
Na_min,Na,-0.03212588562428015,0.9683846686972252
Albumin_mean,Albumin,-0.032070703094837005,0.9684381080871647
FiO2_last,FiO2,0.031236740358524362,1.0317297270421235
measured_MAP,MAP,-0.030103747552077266,0.9703448574225193
HCT_mean,HCT,-0.029947702990480423,0.9704962862749107
ALP_min,ALP,0.029639340553219845,1.0300829578016215
Platelets_min,Platelets,-0.02850876088395893,0.9718937794602163
RespRate_last,RespRate,-0.028320328360277106,0.9720769331133412
NISysABP_first,NISysABP,-0.027709283786018193,0.9726710969608928
NIDiasABP_max,NIDiasABP,-0.027583706948749856,0.9727932495905615
measured_HCT,HCT,0.02748141020206626,1.027862507173335
Weight_min,Weight,-0.02734302139319355,0.9730274150532724
AST_max,AST,-0.026500623646065143,0.9738474364992239
Creatinine_last,Creatinine,-0.026060593992617453,0.9742760525441865
measured_HCO3,HCO3,0.025981062774354333,1.0263215126073428
TroponinT_count,TroponinT,-0.025941325548394286,0.9743922598630126
measured_AST,AST,0.024941069263312698,1.025254699729378
Weight_last,Weight,-0.02428870513445171,0.9760038917439217
HR_count,HR,0.024252821008180544,1.02454931273975
MAP_max,MAP,0.024147452157388054,1.0244413628434645
measured_Mg,Mg,0.0234149851173045,1.0236912680540746
Weight_mean,Weight,-0.022946491946746462,0.9773147765853323
K_first,K,0.022710695537781923,1.0229705467893653
HR_min,HR,-0.021937427928962656,0.9783014474837636
Bilirubin_count,Bilirubin,-0.021715329628920168,0.9785187507026234
WBC_mean,WBC,-0.02155127606212122,0.9786792933622936
Platelets_max,Platelets,-0.021197961972750375,0.9790251356374907
measured_NIMAP,NIMAP,0.020871623571953973,1.0210909592130661
AST_first,AST,0.02082698411545336,1.0210453792849485
WBC_max,WBC,-0.019820120851346584,0.980375006468475
Albumin_last,Albumin,0.01979153094406357,1.019988681783637
SysABP_last,SysABP,0.019439278113735317,1.019629451157293
NISysABP_count,NISysABP,-0.019183805163048694,0.9809990329833811
measured_Glucose,Glucose,0.018795439923973204,1.0189731860641664
measured_Albumin,Albumin,-0.018584287279661958,0.9815873357786423
TroponinI_mean,TroponinI,-0.018099205670112313,0.9820636012478666
NIDiasABP_count,NIDiasABP,-0.0173392790702927,0.9828101811381998
PaO2_max,PaO2,-0.017034487288279963,0.9831097792598926
HCO3_mean,HCO3,-0.016999504743217406,0.9831441715436083
MAP_first,MAP,0.01684872998479876,1.0169914703737577
SaO2_first,SaO2,0.016507124366894707,1.016644119705965
HCT_min,HCT,0.016486306937535163,1.016622956009107
Height,Height,-0.016233754683312365,0.9838973025701261
Glucose_min,Glucose,0.015832758648324497,1.015958760880871
NIDiasABP_last,NIDiasABP,-0.01569159559444506,0.9844308760630162
WBC_count,WBC,-0.015093804426392597,0.9850195360766334
DiasABP_first,DiasABP,0.01495929667314248,1.015071746977741
TroponinT_first,TroponinT,0.014824254598190204,1.014934678837995
TroponinI_count,TroponinI,-0.014454303899900614,0.9856496580487512
Glucose_count,Glucose,0.014294850917684227,1.0143975108854364
Platelets_first,Platelets,-0.014193716587720244,0.9859065393124389
measured_Na,Na,-0.014135057309742242,0.9859643735744302
Lactate_count,Lactate,0.014131809959992778,1.014232136025586
HCO3_count,HCO3,-0.0138389243920191,0.986256393317343
SysABP_max,SysABP,0.013605606086989283,1.0136985835384886
SaO2_max,SaO2,-0.013276290133410081,0.986811451084611
BUN_max,BUN,-0.013075467140989634,0.9870096454134956
AST_last,AST,0.012880711534276027,1.0129640252280132
MAP_count,MAP,0.011385967618803032,1.0114510344632817
K_mean,K,0.010764292316423745,1.0108224357479831
DiasABP_max,DiasABP,-0.01066128628728567,0.9893953437968462
pH_first,pH,-0.010357057557145461,0.9896963920773423
Platelets_count,Platelets,-0.009887444686145483,0.9901612753904941
measured_NIDiasABP,NIDiasABP,-0.009811039349920217,0.9902369318859008
Creatinine_min,Creatinine,-0.009511001597828389,0.9905340849253179
Cholesterol_max,Cholesterol,0.009336495576786705,1.009380216612769
Cholesterol_first,Cholesterol,0.009300059186891925,1.0093434391116682
Cholesterol_last,Cholesterol,-0.009253699322386654,0.9907889843909717
measured_Lactate,Lactate,0.00917778258261233,1.0092200275687078
RespRate_min,RespRate,-0.00902646455054704,0.9910141516817311
HR_mean,HR,-0.008938062694505625,0.9911017630445496
Albumin_min,Albumin,0.008928277072152555,1.0089682530214377
ALP_count,ALP,-0.008914408305760211,0.9911252072282167
Cholesterol_min,Cholesterol,-0.008833405392428068,0.991205494509187
MechVent_count,MechVent,0.008699488854854361,1.0087374393782462
HR_first,HR,0.008360780828702393,1.008395829767473
Platelets_mean,Platelets,0.008207417315770946,1.0082411904989084
Lactate_mean,Lactate,0.008162241800427125,1.0081956437123443
SaO2_last,SaO2,-0.007858851780155348,0.9921719482583705
Lactate_max,Lactate,0.007850334062303422,1.0078812287263104
ALT_max,ALT,0.00774347914205143,1.0077735374117671
measured_NISysABP,NISysABP,0.007643165844765324,1.0076724493956326
TroponinI_max,TroponinI,-0.007262203343197391,0.9927641027369477
measured_K,K,-0.00677001865900202,0.993252846289513
Mg_last,Mg,-0.006387249127102588,0.9936331059878156
FiO2_max,FiO2,0.006381028969833347,1.006401431107649
TroponinT_mean,TroponinT,-0.00634088807644225,0.9936791729304278
SysABP_count,SysABP,-0.006005778012776611,0.9940122206220317
measured_FiO2,FiO2,0.005905178614103446,1.0059226485521082
ALT_count,ALT,-0.005807107510028041,0.9942097211477555
DiasABP_count,DiasABP,-0.005728417460978122,0.9942879586376941
Weight_count,Weight,0.005272987650389499,1.0052869143173913
measured_SaO2,SaO2,0.005127146517514917,1.0051403128254668
Urine_sum,Urine,-0.004069744390127736,0.9959385257965868
Albumin_count,Albumin,0.0039041741279733106,1.0039118053437506
Glucose_max,Glucose,-0.003785116778711405,0.9962220377460523
SysABP_first,SysABP,-0.003761522377900304,0.9962455432854063
ALP_mean,ALP,-0.003704335000884216,0.9963025175839805
Cholesterol_count,Cholesterol,0.0029787990428625285,1.0029832400732823
measured_BUN,BUN,0.002891861930124328,1.0028960473964603
measured_Creatinine,Creatinine,0.002891861930124328,1.0028960473964603
Na_mean,Na,-0.0028062403518651397,0.9971976934599902
SaO2_min,SaO2,-0.002428095912845834,0.9975748495276155
HCT_first,HCT,0.0021049758456245845,1.002107192862596
ALP_first,ALP,-0.001987990215751855,0.99801398452799
Bilirubin_max,Bilirubin,0.0017820081110342006,1.001783596831052
AST_count,AST,0.0014990355366505594,1.0015001596520468
RespRate_max,RespRate,0.0013479000303990723,1.0013488088559346
NIMAP_last,NIMAP,0.0010685499095531782,1.001069121012407
NIMAP_count,NIMAP,-0.0008260115097983376,0.9991743295437976
K_min,K,-0.0007762170743936578,0.999224084104148
HCO3_min,HCO3,-0.0003374371005285404,0.9996626198249667
Cholesterol_mean,Cholesterol,3.510854355906457e-05,1.0000351091598711
MechVent_last,MechVent,0.0,1.0
MechVent_max,MechVent,0.0,1.0
MechVent_min,MechVent,0.0,1.0
MechVent_mean,MechVent,0.0,1.0
MechVent_first,MechVent,0.0,1.0
