model,feature,value,partial_dependence
rf,GCS_last,3.0,0.19948424953909588
rf,GCS_last,3.5,0.19948424953909588
rf,GCS_last,4.0,0.19930077512067665
rf,GCS_last,4.5,0.19926740244300709
rf,GCS_last,5.0,0.19811767250858964
rf,GCS_last,5.5,0.1975605846687674
rf,GCS_last,6.0,0.1963505042019606
rf,GCS_last,6.5,0.19633658249866387
rf,GCS_last,7.0,0.1865027486405151
rf,GCS_last,7.5,0.18648184225523376
rf,GCS_last,8.0,0.1801869022928054
rf,GCS_last,8.5,0.18014124948207444
rf,GCS_last,9.0,0.15732018495536484
rf,GCS_last,9.5,0.15722308768631446
rf,GCS_last,10.0,0.1488097341883995
rf,GCS_last,10.5,0.14879614043839945
rf,GCS_last,11.0,0.13897796049321418
rf,GCS_last,11.5,0.13896825997238085
rf,GCS_last,12.0,0.138130455948024
rf,GCS_last,12.5,0.13801720508175383
rf,GCS_last,13.0,0.13666208090290632
rf,GCS_last,13.5,0.1366175321964045
rf,GCS_last,14.0,0.12907090537122176
rf,GCS_last,14.5,0.12905866657702986
rf,GCS_last,15.0,0.12725124292554657
xgb,GCS_last,3.0,0.23654408752918243
xgb,GCS_last,3.5,0.23654408752918243
xgb,GCS_last,4.0,0.24075663089752197
xgb,GCS_last,4.5,0.24075663089752197
xgb,GCS_last,5.0,0.24071571230888367
xgb,GCS_last,5.5,0.24071571230888367
xgb,GCS_last,6.0,0.2184717059135437
xgb,GCS_last,6.5,0.2184717059135437
xgb,GCS_last,7.0,0.19023379683494568
xgb,GCS_last,7.5,0.19023379683494568
xgb,GCS_last,8.0,0.1868993043899536
xgb,GCS_last,8.5,0.1868993043899536
xgb,GCS_last,9.0,0.15088066458702087
xgb,GCS_last,9.5,0.15088066458702087
xgb,GCS_last,10.0,0.14467234909534454
xgb,GCS_last,10.5,0.14467234909534454
xgb,GCS_last,11.0,0.11690119653940201
xgb,GCS_last,11.5,0.11690119653940201
xgb,GCS_last,12.0,0.11650756746530533
xgb,GCS_last,12.5,0.11650756746530533
xgb,GCS_last,13.0,0.11627277731895447
xgb,GCS_last,13.5,0.11627277731895447
xgb,GCS_last,14.0,0.08759673684835434
xgb,GCS_last,14.5,0.08759673684835434
xgb,GCS_last,15.0,0.0825597494840622
rf,Urine_sum,297.71999999999997,0.16826769578773845
rf,Urine_sum,697.6066666666667,0.1676005440361336
rf,Urine_sum,1097.4933333333333,0.1650007576336404
rf,Urine_sum,1497.38,0.16095732516445158
rf,Urine_sum,1897.2666666666669,0.1567044804190142
rf,Urine_sum,2297.1533333333336,0.14900670679385664
rf,Urine_sum,2697.04,0.1442815511055244
rf,Urine_sum,3096.9266666666667,0.13896033295827687
rf,Urine_sum,3496.8133333333335,0.13784766176211533
rf,Urine_sum,3896.7000000000003,0.1373067937715989
rf,Urine_sum,4296.586666666667,0.1364504949458466
rf,Urine_sum,4696.473333333334,0.13615945456601944
rf,Urine_sum,5096.360000000001,0.1360386425156141
rf,Urine_sum,5496.246666666668,0.13605254072099668
rf,Urine_sum,5896.133333333334,0.1360664441526345
rf,Urine_sum,6296.020000000001,0.13604511486271145
rf,Urine_sum,6695.906666666668,0.13604265803134838
rf,Urine_sum,7095.793333333334,0.13611426800413023
rf,Urine_sum,7495.680000000001,0.1362066763509917
rf,Urine_sum,7895.5666666666675,0.13622857408578004
rf,Urine_sum,8295.453333333335,0.13624716204874304
rf,Urine_sum,8695.34,0.13624891189611787
rf,Urine_sum,9095.226666666667,0.13624969314611785
rf,Urine_sum,9495.113333333335,0.13624969314611785
rf,Urine_sum,9895.0,0.13627145240537714
xgb,Urine_sum,297.71999999999997,0.1520305722951889
xgb,Urine_sum,697.6066666666667,0.1520305722951889
xgb,Urine_sum,1097.4933333333333,0.1514548361301422
xgb,Urine_sum,1497.38,0.14921967685222626
xgb,Urine_sum,1897.2666666666669,0.14714664220809937
xgb,Urine_sum,2297.1533333333336,0.13825160264968872
xgb,Urine_sum,2697.04,0.13516968488693237
xgb,Urine_sum,3096.9266666666667,0.12769478559494019
xgb,Urine_sum,3496.8133333333335,0.12735307216644287
xgb,Urine_sum,3896.7000000000003,0.12641502916812897
xgb,Urine_sum,4296.586666666667,0.1189894899725914
xgb,Urine_sum,4696.473333333334,0.11552154272794724
xgb,Urine_sum,5096.360000000001,0.11501641571521759
xgb,Urine_sum,5496.246666666668,0.11504587531089783
xgb,Urine_sum,5896.133333333334,0.1149028018116951
xgb,Urine_sum,6296.020000000001,0.1149028018116951
xgb,Urine_sum,6695.906666666668,0.1149028018116951
xgb,Urine_sum,7095.793333333334,0.11902240663766861
xgb,Urine_sum,7495.680000000001,0.11902240663766861
xgb,Urine_sum,7895.5666666666675,0.11902240663766861
xgb,Urine_sum,8295.453333333335,0.11902240663766861
xgb,Urine_sum,8695.34,0.11902240663766861
xgb,Urine_sum,9095.226666666667,0.11902240663766861
xgb,Urine_sum,9495.113333333335,0.11902240663766861
xgb,Urine_sum,9895.0,0.11902240663766861
rf,BUN_last,4.0,0.13766582063521726
rf,BUN_last,7.541666666666666,0.13761135919439094
rf,BUN_last,11.083333333333332,0.13758890367369941
rf,BUN_last,14.625,0.13789192566089442
rf,BUN_last,18.166666666666664,0.13816381207861952
rf,BUN_last,21.708333333333332,0.1393089364401702
rf,BUN_last,25.25,0.14048754192212806
rf,BUN_last,28.791666666666664,0.14600021995690665
rf,BUN_last,32.33333333333333,0.1525392982547429
rf,BUN_last,35.875,0.15632599328045596
rf,BUN_last,39.416666666666664,0.15723327310764326
rf,BUN_last,42.95833333333333,0.15861566799798307
rf,BUN_last,46.5,0.1592100034167854
rf,BUN_last,50.041666666666664,0.15932257511013834
rf,BUN_last,53.58333333333333,0.1600654533052684
rf,BUN_last,57.125,0.16158502093237506
rf,BUN_last,60.666666666666664,0.1630872095016568
rf,BUN_last,64.20833333333333,0.1636207262985424
rf,BUN_last,67.75,0.16417627951345454
rf,BUN_last,71.29166666666666,0.16440238390385584
rf,BUN_last,74.83333333333333,0.16504912381469727
rf,BUN_last,78.375,0.16538890393330555
rf,BUN_last,81.91666666666666,0.16624190943908448
rf,BUN_last,85.45833333333333,0.16700795250998776
rf,BUN_last,89.0,0.1671652641480025
xgb,BUN_last,4.0,0.1096239760518074
xgb,BUN_last,7.541666666666666,0.11239819973707199
xgb,BUN_last,11.083333333333332,0.11641006171703339
xgb,BUN_last,14.625,0.11641006171703339
xgb,BUN_last,18.166666666666664,0.11882224678993225
xgb,BUN_last,21.708333333333332,0.12148024141788483
xgb,BUN_last,25.25,0.12928606569766998
xgb,BUN_last,28.791666666666664,0.13430944085121155
xgb,BUN_last,32.33333333333333,0.14192423224449158
xgb,BUN_last,35.875,0.14598014950752258
xgb,BUN_last,39.416666666666664,0.14598014950752258
xgb,BUN_last,42.95833333333333,0.1464584767818451
xgb,BUN_last,46.5,0.14666862785816193
xgb,BUN_last,50.041666666666664,0.14666862785816193
xgb,BUN_last,53.58333333333333,0.14774970710277557
xgb,BUN_last,57.125,0.14774970710277557
xgb,BUN_last,60.666666666666664,0.1489827036857605
xgb,BUN_last,64.20833333333333,0.1522139459848404
xgb,BUN_last,67.75,0.1522139459848404
xgb,BUN_last,71.29166666666666,0.1522139459848404
xgb,BUN_last,74.83333333333333,0.15335112810134888
xgb,BUN_last,78.375,0.15335112810134888
xgb,BUN_last,81.91666666666666,0.15335112810134888
xgb,BUN_last,85.45833333333333,0.15335112810134888
xgb,BUN_last,89.0,0.15335112810134888
rf,Age,22.0,0.1360807592048861
rf,Age,24.833333333333332,0.13607364114933057
rf,Age,27.666666666666668,0.13607364114933057
rf,Age,30.5,0.13607364114933057
rf,Age,33.333333333333336,0.13601209626481695
rf,Age,36.16666666666667,0.13599041020781838
rf,Age,39.0,0.1360217349681275
rf,Age,41.833333333333336,0.13604112372173505
rf,Age,44.66666666666667,0.13617243055249958
rf,Age,47.5,0.13619463300282703
rf,Age,50.333333333333336,0.13632750254613774
rf,Age,53.16666666666667,0.13641078199527656
rf,Age,56.0,0.13669874786332054
rf,Age,58.833333333333336,0.13712835575876653
rf,Age,61.66666666666667,0.1377267405093717
rf,Age,64.5,0.13813130660649947
rf,Age,67.33333333333334,0.1391088609551409
rf,Age,70.16666666666667,0.14074985831227652
rf,Age,73.0,0.14209986202671546
rf,Age,75.83333333333334,0.14349439147253856
rf,Age,78.66666666666667,0.14673758991121325
rf,Age,81.5,0.14976917646138943
rf,Age,84.33333333333334,0.1525558329253165
rf,Age,87.16666666666667,0.1570712392125886
rf,Age,90.0,0.16345128136251943
xgb,Age,22.0,0.07977566123008728
xgb,Age,24.833333333333332,0.07977566123008728
xgb,Age,27.666666666666668,0.07977566123008728
xgb,Age,30.5,0.07977566123008728
xgb,Age,33.333333333333336,0.07977566123008728
xgb,Age,36.16666666666667,0.07977566123008728
xgb,Age,39.0,0.08176048845052719
xgb,Age,41.833333333333336,0.08176048845052719
xgb,Age,44.66666666666667,0.08176048845052719
xgb,Age,47.5,0.09447486698627472
xgb,Age,50.333333333333336,0.09794232249259949
xgb,Age,53.16666666666667,0.09806507080793381
xgb,Age,56.0,0.10942194610834122
xgb,Age,58.833333333333336,0.10970976203680038
xgb,Age,61.66666666666667,0.11853829771280289
xgb,Age,64.5,0.12404083460569382
xgb,Age,67.33333333333334,0.13171978294849396
xgb,Age,70.16666666666667,0.13671794533729553
xgb,Age,73.0,0.1379627138376236
xgb,Age,75.83333333333334,0.14321456849575043
xgb,Age,78.66666666666667,0.14888325333595276
xgb,Age,81.5,0.16065870225429535
xgb,Age,84.33333333333334,0.16348481178283691
xgb,Age,87.16666666666667,0.16853050887584686
xgb,Age,90.0,0.17441295087337494
rf,Bilirubin_last,0.2,0.142125631721583
rf,Bilirubin_last,0.7899999999999996,0.14125603707654258
rf,Bilirubin_last,1.3799999999999992,0.14163896250608507
rf,Bilirubin_last,1.9699999999999989,0.14226695771230177
rf,Bilirubin_last,2.5599999999999987,0.14323430371819967
rf,Bilirubin_last,3.1499999999999986,0.14357272040278823
rf,Bilirubin_last,3.739999999999998,0.1448356302403465
rf,Bilirubin_last,4.329999999999997,0.14600323173555843
rf,Bilirubin_last,4.919999999999997,0.14648084365718458
rf,Bilirubin_last,5.509999999999997,0.15401883693546883
rf,Bilirubin_last,6.099999999999997,0.15761573573230792
rf,Bilirubin_last,6.689999999999996,0.16059071093278343
rf,Bilirubin_last,7.279999999999996,0.16235373019722174
rf,Bilirubin_last,7.869999999999996,0.16336757405845992
rf,Bilirubin_last,8.459999999999994,0.16708422211569826
rf,Bilirubin_last,9.049999999999994,0.1675095006479299
rf,Bilirubin_last,9.639999999999993,0.17068810135960896
rf,Bilirubin_last,10.229999999999993,0.1708585643759635
rf,Bilirubin_last,10.819999999999993,0.1715748388566911
rf,Bilirubin_last,11.409999999999993,0.17170721672766276
rf,Bilirubin_last,11.999999999999993,0.17190798576475988
rf,Bilirubin_last,12.589999999999991,0.1720654995183674
rf,Bilirubin_last,13.17999999999999,0.1720654995183674
rf,Bilirubin_last,13.76999999999999,0.1720654995183674
rf,Bilirubin_last,14.35999999999999,0.1720654995183674
xgb,Bilirubin_last,0.2,0.12886066734790802
xgb,Bilirubin_last,0.7899999999999996,0.12918689846992493
xgb,Bilirubin_last,1.3799999999999992,0.13096477091312408
xgb,Bilirubin_last,1.9699999999999989,0.13189303874969482
xgb,Bilirubin_last,2.5599999999999987,0.13189303874969482
xgb,Bilirubin_last,3.1499999999999986,0.1327216476202011
xgb,Bilirubin_last,3.739999999999998,0.1327216476202011
xgb,Bilirubin_last,4.329999999999997,0.13541753590106964
xgb,Bilirubin_last,4.919999999999997,0.13541753590106964
xgb,Bilirubin_last,5.509999999999997,0.14733824133872986
xgb,Bilirubin_last,6.099999999999997,0.15099866688251495
xgb,Bilirubin_last,6.689999999999996,0.15099866688251495
xgb,Bilirubin_last,7.279999999999996,0.15247775614261627
xgb,Bilirubin_last,7.869999999999996,0.1530645787715912
xgb,Bilirubin_last,8.459999999999994,0.15884454548358917
xgb,Bilirubin_last,9.049999999999994,0.15884454548358917
xgb,Bilirubin_last,9.639999999999993,0.1688106209039688
xgb,Bilirubin_last,10.229999999999993,0.1688106209039688
xgb,Bilirubin_last,10.819999999999993,0.1688106209039688
xgb,Bilirubin_last,11.409999999999993,0.1688106209039688
xgb,Bilirubin_last,11.999999999999993,0.16904497146606445
xgb,Bilirubin_last,12.589999999999991,0.16916261613368988
xgb,Bilirubin_last,13.17999999999999,0.16916261613368988
xgb,Bilirubin_last,13.76999999999999,0.16916261613368988
xgb,Bilirubin_last,14.35999999999999,0.16916261613368988
rf,Creatinine_last,0.4,0.14443211523894026
rf,Creatinine_last,0.6291666666666667,0.1430566255312929
rf,Creatinine_last,0.8583333333333334,0.14223816777649323
rf,Creatinine_last,1.0875,0.1422478345573227
rf,Creatinine_last,1.3166666666666667,0.14245088296571576
rf,Creatinine_last,1.5458333333333334,0.14368231332709983
rf,Creatinine_last,1.775,0.144135670145326
rf,Creatinine_last,2.0041666666666664,0.14494867374499093
rf,Creatinine_last,2.2333333333333334,0.1451443753983168
rf,Creatinine_last,2.4625,0.14535426350211114
rf,Creatinine_last,2.6916666666666664,0.14547614599317332
rf,Creatinine_last,2.920833333333333,0.14581611605349493
rf,Creatinine_last,3.15,0.1462172862259151
rf,Creatinine_last,3.3791666666666664,0.14625245743491444
rf,Creatinine_last,3.608333333333333,0.1468125518153604
rf,Creatinine_last,3.8375,0.1477313478294804
rf,Creatinine_last,4.066666666666666,0.1476377279322208
rf,Creatinine_last,4.295833333333333,0.14761731126555414
rf,Creatinine_last,4.525,0.14759315479991328
rf,Creatinine_last,4.754166666666666,0.14757946432372282
rf,Creatinine_last,4.983333333333333,0.14757946432372282
rf,Creatinine_last,5.2125,0.14761329331302056
rf,Creatinine_last,5.441666666666666,0.14764326490392965
rf,Creatinine_last,5.670833333333333,0.1476475349105434
rf,Creatinine_last,5.9,0.14762555026142057
xgb,Creatinine_last,0.4,0.1343320906162262
xgb,Creatinine_last,0.6291666666666667,0.13423332571983337
xgb,Creatinine_last,0.8583333333333334,0.1324271708726883
xgb,Creatinine_last,1.0875,0.13300979137420654
xgb,Creatinine_last,1.3166666666666667,0.13305333256721497
xgb,Creatinine_last,1.5458333333333334,0.13305333256721497
xgb,Creatinine_last,1.775,0.1329771727323532
xgb,Creatinine_last,2.0041666666666664,0.13312390446662903
xgb,Creatinine_last,2.2333333333333334,0.1330874264240265
xgb,Creatinine_last,2.4625,0.1330874264240265
xgb,Creatinine_last,2.6916666666666664,0.1330874264240265
xgb,Creatinine_last,2.920833333333333,0.1330874264240265
xgb,Creatinine_last,3.15,0.1330874264240265
xgb,Creatinine_last,3.3791666666666664,0.1330874264240265
xgb,Creatinine_last,3.608333333333333,0.1330874264240265
xgb,Creatinine_last,3.8375,0.1330874264240265
xgb,Creatinine_last,4.066666666666666,0.1319652497768402
xgb,Creatinine_last,4.295833333333333,0.13116972148418427
xgb,Creatinine_last,4.525,0.13116972148418427
xgb,Creatinine_last,4.754166666666666,0.13116972148418427
xgb,Creatinine_last,4.983333333333333,0.13116972148418427
xgb,Creatinine_last,5.2125,0.13116972148418427
xgb,Creatinine_last,5.441666666666666,0.13116972148418427
xgb,Creatinine_last,5.670833333333333,0.13116972148418427
xgb,Creatinine_last,5.9,0.13116972148418427
