model,feature,variable,coef_per_SD_log1p,pct_change_LOS_remaining_plus1_per_SD,approx_pct_change_LOS_remaining_at_train_median_per_SD,note
lasso,measured_RespRate,RespRate,-0.17958876015366262,-16.438622155595205,-18.493449925044604,二元/one-hot 列同样按每 1 SD 计，不是 0→1
lasso,MechVent_any,MechVent,-0.10678822563879523,-10.128402215913802,-11.394452492903028,二元/one-hot 列同样按每 1 SD 计，不是 0→1
lasso,Lactate_last,Lactate,-0.08720194268297086,-8.35080019087816,-9.394650214737931,二元/one-hot 列同样按每 1 SD 计，不是 0→1
lasso,GCS_last,GCS,-0.0736055606653617,-7.096192926171707,-7.9832170419431705,二元/one-hot 列同样按每 1 SD 计，不是 0→1
lasso,GCS_first,GCS,0.06389255614513,6.597785983789661,7.422509231763369,二元/one-hot 列同样按每 1 SD 计，不是 0→1
lasso,PaO2_count,PaO2,0.06359523433140454,6.566096847890979,7.386858953877351,二元/one-hot 列同样按每 1 SD 计，不是 0→1
lasso,BUN_last,BUN,0.060288067100292914,6.214247078154633,6.991027962923963,二元/one-hot 列同样按每 1 SD 计，不是 0→1
lasso,ICUType_SICU,ICUType,0.06016434764308649,6.201107122009408,6.976245512260585,二元/one-hot 列同样按每 1 SD 计，不是 0→1
lasso,Albumin_last,Albumin,-0.05664569647940432,-5.50711983342519,-6.195509812603339,二元/one-hot 列同样按每 1 SD 计，不是 0→1
lasso,HCT_mean,HCT,-0.051675108855320555,-5.036265450660704,-5.665798631993292,二元/one-hot 列同样按每 1 SD 计，不是 0→1
lasso,PaO2_first,PaO2,-0.04109157574869344,-4.025876309889664,-4.529110848625873,二元/one-hot 列同样按每 1 SD 计，不是 0→1
lasso,Urine_last,Urine,-0.034456707015609794,-3.3869834560724454,-3.8103563880815012,二元/one-hot 列同样按每 1 SD 计，不是 0→1
lasso,GCS_count,GCS,0.03255311916684007,3.3088768501147614,3.7224864563791065,二元/one-hot 列同样按每 1 SD 计，不是 0→1
lasso,Temp_count,Temp,0.031166255398336184,3.165700817621131,3.561413419823772,二元/one-hot 列同样按每 1 SD 计，不是 0→1
lasso,HR_max,HR,0.028605540183800515,2.90186079167587,3.2645933906353535,二元/one-hot 列同样按每 1 SD 计，不是 0→1
lasso,Urine_count,Urine,0.028029016019845563,2.8425524803935787,3.197871540442776,二元/one-hot 列同样按每 1 SD 计，不是 0→1
lasso,measured_Cholesterol,Cholesterol,-0.027756384680404648,-2.7374715638802227,-3.0796555093652507,二元/one-hot 列同样按每 1 SD 计，不是 0→1
lasso,measured_NIMAP,NIMAP,-0.027003497215596133,-2.664216252382534,-2.997243283930351,二元/one-hot 列同样按每 1 SD 计，不是 0→1
lasso,Urine_mean,Urine,-0.02653687527694713,-2.6187866418681427,-2.9461349721016603,二元/one-hot 列同样按每 1 SD 计，不是 0→1
lasso,measured_TroponinT,TroponinT,-0.026208321386830536,-2.586786408782382,-2.9101347098801797,二元/one-hot 列同样按每 1 SD 计，不是 0→1
lasso,HR_min,HR,0.025624935574576267,2.595607667568567,2.9200586260146375,二元/one-hot 列同样按每 1 SD 计，不是 0→1
lasso,Na_mean,Na,-0.022772768157546443,-2.251542583992616,-2.5329854069916933,二元/one-hot 列同样按每 1 SD 计，不是 0→1
lasso,measured_Albumin,Albumin,0.022220565880497544,2.246928143839755,2.527794161819724,二元/one-hot 列同样按每 1 SD 计，不是 0→1
lasso,HR_first,HR,0.01972066662442255,1.9916403540665373,2.2405953983248543,二元/one-hot 列同样按每 1 SD 计，不是 0→1
lasso,MechVent_count,MechVent,0.019086556552856848,1.926986928563057,2.167860294633439,二元/one-hot 列同样按每 1 SD 计，不是 0→1
lasso,Mg_count,Mg,0.018892507025788385,1.907209963871459,2.1456112093553914,二元/one-hot 列同样按每 1 SD 计，不是 0→1
lasso,MAP_min,MAP,0.018877609716125583,1.9056918319158234,2.1439033109053014,二元/one-hot 列同样按每 1 SD 计，不是 0→1
lasso,measured_MAP,MAP,0.017312553375674385,1.7463284216727715,1.964619474381868,二元/one-hot 列同样按每 1 SD 计，不是 0→1
lasso,measured_Weight,Weight,0.01625748762386855,1.6390359654339104,1.8439154611131492,二元/one-hot 列同样按每 1 SD 计，不是 0→1
lasso,measured_pH,pH,0.01599849679543461,1.6127157957963822,1.8143052702709301,二元/one-hot 列同样按每 1 SD 计，不是 0→1
lasso,pH_min,pH,0.01490482871745431,1.501645960051512,1.689351705057951,二元/one-hot 列同样按每 1 SD 计，不是 0→1
lasso,ICUType_CCU,ICUType,-0.01467471755686936,-1.4567568656123742,-1.6388514738139208,二元/one-hot 列同样按每 1 SD 计，不是 0→1
lasso,Na_max,Na,-0.01460344585634225,-1.4497332708099275,-1.6309499296611685,二元/one-hot 列同样按每 1 SD 计，不是 0→1
lasso,WBC_count,WBC,0.01446148633112551,1.4566559518409905,1.6387379458211142,二元/one-hot 列同样按每 1 SD 计，不是 0→1
lasso,ALT_count,ALT,0.014125140658918641,1.422537182866801,1.600354330725151,二元/one-hot 列同样按每 1 SD 计，不是 0→1
lasso,Platelets_count,Platelets,0.013886363802488162,1.3983227193088643,1.5731130592224725,二元/one-hot 列同样按每 1 SD 计，不是 0→1
lasso,ALP_first,ALP,0.012940745421811006,1.3024839221812634,1.4652944124539213,二元/one-hot 列同样按每 1 SD 计，不是 0→1
lasso,pH_max,pH,0.01183329453422761,1.190358494609045,1.3391533064351757,二元/one-hot 列同样按每 1 SD 计，不是 0→1
lasso,Temp_first,Temp,0.011806966998439207,1.1876944368935272,1.336156241505218,二元/one-hot 列同样按每 1 SD 计，不是 0→1
lasso,Creatinine_min,Creatinine,0.011461984071871816,1.1527924305783754,1.2968914844006725,二元/one-hot 列同样按每 1 SD 计，不是 0→1
lasso,measured_Temp,Temp,0.010877314888338116,1.0936687955837687,1.2303773950317398,二元/one-hot 列同样按每 1 SD 计，不是 0→1
lasso,Glucose_count,Glucose,0.010232074815994996,1.0284601492948742,1.1570176679567334,二元/one-hot 列同样按每 1 SD 计，不是 0→1
lasso,ICUType_CSRU,ICUType,-0.01015429743422831,-1.0102916615139956,-1.1365781192032451,二元/one-hot 列同样按每 1 SD 计，不是 0→1
lasso,Glucose_first,Glucose,-0.009951640191358484,-0.9902286472607158,-1.1140072281683053,二元/one-hot 列同样按每 1 SD 计，不是 0→1
lasso,PaO2_mean,PaO2,-0.009666028092157991,-0.961946219913834,-1.0821894974030632,二元/one-hot 列同样按每 1 SD 计，不是 0→1
lasso,Temp_max,Temp,0.009642301062084304,0.9688937821673793,1.0900055049383017,二元/one-hot 列同样按每 1 SD 计，不是 0→1
lasso,Cholesterol_first,Cholesterol,-0.00950673086195628,-0.9461684756199795,-1.064439535072477,二元/one-hot 列同样按每 1 SD 计，不是 0→1
lasso,FiO2_count,FiO2,0.008401560507912869,0.843695266441169,0.9491571747463151,二元/one-hot 列同样按每 1 SD 计，不是 0→1
lasso,Weight_count,Weight,-0.008395330463306499,-0.8360188089224341,-0.9405211600377383,二元/one-hot 列同样按每 1 SD 计，不是 0→1
lasso,Glucose_last,Glucose,0.007793857286856148,0.7824308451829909,0.8802347008308647,二元/one-hot 列同样按每 1 SD 计，不是 0→1
lasso,NIDiasABP_first,NIDiasABP,-0.007424629079829918,-0.7397134608839839,-0.8321776434944819,二元/one-hot 列同样按每 1 SD 计，不是 0→1
lasso,Bilirubin_count,Bilirubin,0.007111222687014382,0.7136567472919797,0.8028638407034772,二元/one-hot 列同样按每 1 SD 计，不是 0→1
lasso,DiasABP_count,DiasABP,0.0067035527123493885,0.672607181303686,0.7566830789666468,二元/one-hot 列同样按每 1 SD 计，不是 0→1
lasso,Cholesterol_max,Cholesterol,-0.006539380415595074,-0.6518045199183087,-0.7332800849080973,二元/one-hot 列同样按每 1 SD 计，不是 0→1
lasso,measured_GCS,GCS,0.006446458563037354,0.6467281698151472,0.7275691910420407,二元/one-hot 列同样按每 1 SD 计，不是 0→1
lasso,Glucose_min,Glucose,0.006441055527713188,0.6461843734566486,0.7269574201387297,二元/one-hot 列同样按每 1 SD 计，不是 0→1
lasso,pH_last,pH,0.006312940945124323,0.6332909554915611,0.7124523249280063,二元/one-hot 列同样按每 1 SD 计，不是 0→1
lasso,Glucose_mean,Glucose,0.006017026882334194,0.6035165550621446,0.6789561244449127,二元/one-hot 列同样按每 1 SD 计，不是 0→1
lasso,HCO3_first,HCO3,0.005949433722048053,0.5967166752575581,0.6713062596647529,二元/one-hot 列同样按每 1 SD 计，不是 0→1
lasso,TroponinI_last,TroponinI,-0.0056965133831319795,-0.5680319015838542,-0.639035889281836,二元/one-hot 列同样按每 1 SD 计，不是 0→1
lasso,Platelets_last,Platelets,0.005691163381577929,0.5707388817828507,0.642081242005707,二元/one-hot 列同样按每 1 SD 计，不是 0→1
lasso,MAP_first,MAP,-0.005461765127290905,-0.5446876805975331,-0.6127736406722248,二元/one-hot 列同样按每 1 SD 计，不是 0→1
lasso,TroponinI_count,TroponinI,0.005384171618667278,0.5398692319628529,0.6073528859582095,二元/one-hot 列同样按每 1 SD 计，不是 0→1
lasso,WBC_max,WBC,0.005296051857454876,0.5310100730330225,0.5973863321621503,二元/one-hot 列同样按每 1 SD 计，不是 0→1
lasso,SysABP_last,SysABP,0.004917210087637947,0.49293194050443745,0.5545484330674921,二元/one-hot 列同样按每 1 SD 计，不是 0→1
lasso,measured_HCO3,HCO3,0.004881213939756739,0.4893146471699916,0.5504789780662406,二元/one-hot 列同样按每 1 SD 计，不是 0→1
lasso,RespRate_min,RespRate,0.004221786256635224,0.4230710550634509,0.47595493694638225,二元/one-hot 列同样按每 1 SD 计，不是 0→1
lasso,FiO2_mean,FiO2,-0.003720588025205648,-0.3713675213477985,-0.4177884615162733,二元/one-hot 列同样按每 1 SD 计，不是 0→1
lasso,Temp_last,Temp,0.0034319035455561285,0.3437799269117914,0.3867524177757653,二元/one-hot 列同样按每 1 SD 计，不是 0→1
lasso,measured_MechVent,MechVent,-0.0033967273146053465,-0.3390964962606269,-0.38148355829320524,二元/one-hot 列同样按每 1 SD 计，不是 0→1
lasso,RespRate_last,RespRate,-0.003316421413371652,-0.3310928162199356,-0.37247941824742753,二元/one-hot 列同样按每 1 SD 计，不是 0→1
lasso,RespRate_mean,RespRate,0.0030758752603920643,0.3080610618579671,0.346568694590213,二元/one-hot 列同样按每 1 SD 计，不是 0→1
lasso,Height,Height,-0.0026854219969508707,-0.2681819476783809,-0.3017046911381785,二元/one-hot 列同样按每 1 SD 计，不是 0→1
lasso,SysABP_max,SysABP,0.001875168446853493,0.18769276746497532,0.21115436339809723,二元/one-hot 列同样按每 1 SD 计，不是 0→1
lasso,measured_Lactate,Lactate,0.0018533597695361977,0.18550783022763806,0.20869630900609282,二元/one-hot 列同样按每 1 SD 计，不是 0→1
lasso,AST_last,AST,0.0013360193017117397,0.1336912173085958,0.15040261947217026,二元/one-hot 列同样按每 1 SD 计，不是 0→1
lasso,HCT_first,HCT,-0.0007395660496344773,-0.07392926380697107,-0.08317042178284245,二元/one-hot 列同样按每 1 SD 计，不是 0→1
lasso,SysABP_count,SysABP,0.0005093579577795713,0.05094877025719757,0.05731736653934727,二元/one-hot 列同样按每 1 SD 计，不是 0→1
lasso,Urine_min,Urine,-0.0004296332143267088,-0.042954093519309566,-0.04832335520922326,二元/one-hot 列同样按每 1 SD 计，不是 0→1
lasso,Weight_last,Weight,0.00042771006767871244,0.04278015486716136,0.04812767422555653,二元/one-hot 列同样按每 1 SD 计，不是 0→1
lasso,HCO3_max,HCO3,0.0003470594912334967,0.03471197233466672,0.03905096887650006,二元/one-hot 列同样按每 1 SD 计，不是 0→1
lasso,PaCO2_last,PaCO2,0.0003335173309890167,0.03335729540776544,0.03752695733373612,二元/one-hot 列同样按每 1 SD 计，不是 0→1
lasso,pH_mean,pH,6.489623433695815e-05,0.006489834014322682,0.007301063266113017,二元/one-hot 列同样按每 1 SD 计，不是 0→1
lasso,measured_HR,HR,5.532968034623656e-07,5.5329695647365895e-05,6.224590760328663e-05,二元/one-hot 列同样按每 1 SD 计，不是 0→1
lasso,Age,Age,-0.0,0.0,0.0,二元/one-hot 列同样按每 1 SD 计，不是 0→1
lasso,Gender,Gender,0.0,0.0,0.0,二元/one-hot 列同样按每 1 SD 计，不是 0→1
lasso,Weight,Weight,0.0,0.0,0.0,二元/one-hot 列同样按每 1 SD 计，不是 0→1
lasso,ICUType_MICU,ICUType,0.0,0.0,0.0,二元/one-hot 列同样按每 1 SD 计，不是 0→1
lasso,ALT_first,ALT,-0.0,0.0,0.0,二元/one-hot 列同样按每 1 SD 计，不是 0→1
lasso,AST_first,AST,-0.0,0.0,0.0,二元/one-hot 列同样按每 1 SD 计，不是 0→1
lasso,Albumin_first,Albumin,-0.0,0.0,0.0,二元/one-hot 列同样按每 1 SD 计，不是 0→1
lasso,BUN_first,BUN,0.0,0.0,0.0,二元/one-hot 列同样按每 1 SD 计，不是 0→1
lasso,Bilirubin_first,Bilirubin,0.0,0.0,0.0,二元/one-hot 列同样按每 1 SD 计，不是 0→1
lasso,Creatinine_first,Creatinine,0.0,0.0,0.0,二元/one-hot 列同样按每 1 SD 计，不是 0→1
lasso,DiasABP_first,DiasABP,-0.0,0.0,0.0,二元/one-hot 列同样按每 1 SD 计，不是 0→1
lasso,FiO2_first,FiO2,-0.0,0.0,0.0,二元/one-hot 列同样按每 1 SD 计，不是 0→1
lasso,K_first,K,-0.0,0.0,0.0,二元/one-hot 列同样按每 1 SD 计，不是 0→1
lasso,Lactate_first,Lactate,-0.0,0.0,0.0,二元/one-hot 列同样按每 1 SD 计，不是 0→1
lasso,MechVent_first,MechVent,0.0,0.0,0.0,二元/one-hot 列同样按每 1 SD 计，不是 0→1
lasso,Mg_first,Mg,-0.0,0.0,0.0,二元/one-hot 列同样按每 1 SD 计，不是 0→1
lasso,NIMAP_first,NIMAP,-0.0,0.0,0.0,二元/one-hot 列同样按每 1 SD 计，不是 0→1
lasso,NISysABP_first,NISysABP,-0.0,0.0,0.0,二元/one-hot 列同样按每 1 SD 计，不是 0→1
lasso,Na_first,Na,-0.0,0.0,0.0,二元/one-hot 列同样按每 1 SD 计，不是 0→1
lasso,PaCO2_first,PaCO2,0.0,0.0,0.0,二元/one-hot 列同样按每 1 SD 计，不是 0→1
lasso,Platelets_first,Platelets,0.0,0.0,0.0,二元/one-hot 列同样按每 1 SD 计，不是 0→1
lasso,RespRate_first,RespRate,0.0,0.0,0.0,二元/one-hot 列同样按每 1 SD 计，不是 0→1
lasso,SaO2_first,SaO2,-0.0,0.0,0.0,二元/one-hot 列同样按每 1 SD 计，不是 0→1
lasso,SysABP_first,SysABP,-0.0,0.0,0.0,二元/one-hot 列同样按每 1 SD 计，不是 0→1
lasso,TroponinI_first,TroponinI,-0.0,0.0,0.0,二元/one-hot 列同样按每 1 SD 计，不是 0→1
lasso,TroponinT_first,TroponinT,-0.0,0.0,0.0,二元/one-hot 列同样按每 1 SD 计，不是 0→1
lasso,Urine_first,Urine,-0.0,0.0,0.0,二元/one-hot 列同样按每 1 SD 计，不是 0→1
lasso,WBC_first,WBC,-0.0,0.0,0.0,二元/one-hot 列同样按每 1 SD 计，不是 0→1
lasso,Weight_first,Weight,0.0,0.0,0.0,二元/one-hot 列同样按每 1 SD 计，不是 0→1
lasso,pH_first,pH,0.0,0.0,0.0,二元/one-hot 列同样按每 1 SD 计，不是 0→1
lasso,ALP_last,ALP,0.0,0.0,0.0,二元/one-hot 列同样按每 1 SD 计，不是 0→1
lasso,ALT_last,ALT,0.0,0.0,0.0,二元/one-hot 列同样按每 1 SD 计，不是 0→1
lasso,Bilirubin_last,Bilirubin,0.0,0.0,0.0,二元/one-hot 列同样按每 1 SD 计，不是 0→1
lasso,Cholesterol_last,Cholesterol,-0.0,0.0,0.0,二元/one-hot 列同样按每 1 SD 计，不是 0→1
lasso,Creatinine_last,Creatinine,0.0,0.0,0.0,二元/one-hot 列同样按每 1 SD 计，不是 0→1
lasso,DiasABP_last,DiasABP,0.0,0.0,0.0,二元/one-hot 列同样按每 1 SD 计，不是 0→1
lasso,FiO2_last,FiO2,-0.0,0.0,0.0,二元/one-hot 列同样按每 1 SD 计，不是 0→1
lasso,HCO3_last,HCO3,0.0,0.0,0.0,二元/one-hot 列同样按每 1 SD 计，不是 0→1
lasso,HCT_last,HCT,-0.0,0.0,0.0,二元/one-hot 列同样按每 1 SD 计，不是 0→1
lasso,HR_last,HR,-0.0,0.0,0.0,二元/one-hot 列同样按每 1 SD 计，不是 0→1
lasso,K_last,K,-0.0,0.0,0.0,二元/one-hot 列同样按每 1 SD 计，不是 0→1
lasso,MAP_last,MAP,0.0,0.0,0.0,二元/one-hot 列同样按每 1 SD 计，不是 0→1
lasso,MechVent_last,MechVent,0.0,0.0,0.0,二元/one-hot 列同样按每 1 SD 计，不是 0→1
lasso,Mg_last,Mg,0.0,0.0,0.0,二元/one-hot 列同样按每 1 SD 计，不是 0→1
lasso,NIDiasABP_last,NIDiasABP,-0.0,0.0,0.0,二元/one-hot 列同样按每 1 SD 计，不是 0→1
lasso,NIMAP_last,NIMAP,0.0,0.0,0.0,二元/one-hot 列同样按每 1 SD 计，不是 0→1
lasso,NISysABP_last,NISysABP,-0.0,0.0,0.0,二元/one-hot 列同样按每 1 SD 计，不是 0→1
lasso,Na_last,Na,-0.0,0.0,0.0,二元/one-hot 列同样按每 1 SD 计，不是 0→1
lasso,PaO2_last,PaO2,0.0,0.0,0.0,二元/one-hot 列同样按每 1 SD 计，不是 0→1
lasso,SaO2_last,SaO2,-0.0,0.0,0.0,二元/one-hot 列同样按每 1 SD 计，不是 0→1
lasso,TroponinT_last,TroponinT,-0.0,0.0,0.0,二元/one-hot 列同样按每 1 SD 计，不是 0→1
lasso,WBC_last,WBC,-0.0,0.0,0.0,二元/one-hot 列同样按每 1 SD 计，不是 0→1
lasso,ALP_min,ALP,0.0,0.0,0.0,二元/one-hot 列同样按每 1 SD 计，不是 0→1
lasso,ALT_min,ALT,-0.0,0.0,0.0,二元/one-hot 列同样按每 1 SD 计，不是 0→1
lasso,AST_min,AST,-0.0,0.0,0.0,二元/one-hot 列同样按每 1 SD 计，不是 0→1
lasso,Albumin_min,Albumin,-0.0,0.0,0.0,二元/one-hot 列同样按每 1 SD 计，不是 0→1
lasso,BUN_min,BUN,0.0,0.0,0.0,二元/one-hot 列同样按每 1 SD 计，不是 0→1
lasso,Bilirubin_min,Bilirubin,0.0,0.0,0.0,二元/one-hot 列同样按每 1 SD 计，不是 0→1
lasso,Cholesterol_min,Cholesterol,-0.0,0.0,0.0,二元/one-hot 列同样按每 1 SD 计，不是 0→1
lasso,DiasABP_min,DiasABP,0.0,0.0,0.0,二元/one-hot 列同样按每 1 SD 计，不是 0→1
lasso,FiO2_min,FiO2,-0.0,0.0,0.0,二元/one-hot 列同样按每 1 SD 计，不是 0→1
lasso,GCS_min,GCS,0.0,0.0,0.0,二元/one-hot 列同样按每 1 SD 计，不是 0→1
lasso,HCO3_min,HCO3,0.0,0.0,0.0,二元/one-hot 列同样按每 1 SD 计，不是 0→1
lasso,HCT_min,HCT,-0.0,0.0,0.0,二元/one-hot 列同样按每 1 SD 计，不是 0→1
lasso,K_min,K,0.0,0.0,0.0,二元/one-hot 列同样按每 1 SD 计，不是 0→1
lasso,Lactate_min,Lactate,0.0,0.0,0.0,二元/one-hot 列同样按每 1 SD 计，不是 0→1
lasso,MechVent_min,MechVent,0.0,0.0,0.0,二元/one-hot 列同样按每 1 SD 计，不是 0→1
lasso,Mg_min,Mg,-0.0,0.0,0.0,二元/one-hot 列同样按每 1 SD 计，不是 0→1
lasso,NIDiasABP_min,NIDiasABP,-0.0,0.0,0.0,二元/one-hot 列同样按每 1 SD 计，不是 0→1
lasso,NIMAP_min,NIMAP,0.0,0.0,0.0,二元/one-hot 列同样按每 1 SD 计，不是 0→1
lasso,NISysABP_min,NISysABP,-0.0,0.0,0.0,二元/one-hot 列同样按每 1 SD 计，不是 0→1
lasso,Na_min,Na,-0.0,0.0,0.0,二元/one-hot 列同样按每 1 SD 计，不是 0→1
lasso,PaCO2_min,PaCO2,-0.0,0.0,0.0,二元/one-hot 列同样按每 1 SD 计，不是 0→1
lasso,PaO2_min,PaO2,-0.0,0.0,0.0,二元/one-hot 列同样按每 1 SD 计，不是 0→1
lasso,Platelets_min,Platelets,0.0,0.0,0.0,二元/one-hot 列同样按每 1 SD 计，不是 0→1
lasso,SaO2_min,SaO2,-0.0,0.0,0.0,二元/one-hot 列同样按每 1 SD 计，不是 0→1
lasso,SysABP_min,SysABP,0.0,0.0,0.0,二元/one-hot 列同样按每 1 SD 计，不是 0→1
lasso,Temp_min,Temp,-0.0,0.0,0.0,二元/one-hot 列同样按每 1 SD 计，不是 0→1
lasso,TroponinI_min,TroponinI,-0.0,0.0,0.0,二元/one-hot 列同样按每 1 SD 计，不是 0→1
lasso,TroponinT_min,TroponinT,0.0,0.0,0.0,二元/one-hot 列同样按每 1 SD 计，不是 0→1
lasso,WBC_min,WBC,-0.0,0.0,0.0,二元/one-hot 列同样按每 1 SD 计，不是 0→1
lasso,Weight_min,Weight,0.0,0.0,0.0,二元/one-hot 列同样按每 1 SD 计，不是 0→1
lasso,ALP_max,ALP,0.0,0.0,0.0,二元/one-hot 列同样按每 1 SD 计，不是 0→1
lasso,ALT_max,ALT,0.0,0.0,0.0,二元/one-hot 列同样按每 1 SD 计，不是 0→1
lasso,AST_max,AST,0.0,0.0,0.0,二元/one-hot 列同样按每 1 SD 计，不是 0→1
lasso,Albumin_max,Albumin,-0.0,0.0,0.0,二元/one-hot 列同样按每 1 SD 计，不是 0→1
lasso,BUN_max,BUN,0.0,0.0,0.0,二元/one-hot 列同样按每 1 SD 计，不是 0→1
lasso,Bilirubin_max,Bilirubin,0.0,0.0,0.0,二元/one-hot 列同样按每 1 SD 计，不是 0→1
lasso,Creatinine_max,Creatinine,0.0,0.0,0.0,二元/one-hot 列同样按每 1 SD 计，不是 0→1
lasso,DiasABP_max,DiasABP,0.0,0.0,0.0,二元/one-hot 列同样按每 1 SD 计，不是 0→1
lasso,FiO2_max,FiO2,0.0,0.0,0.0,二元/one-hot 列同样按每 1 SD 计，不是 0→1
lasso,GCS_max,GCS,-0.0,0.0,0.0,二元/one-hot 列同样按每 1 SD 计，不是 0→1
lasso,Glucose_max,Glucose,0.0,0.0,0.0,二元/one-hot 列同样按每 1 SD 计，不是 0→1
lasso,HCT_max,HCT,-0.0,0.0,0.0,二元/one-hot 列同样按每 1 SD 计，不是 0→1
lasso,K_max,K,0.0,0.0,0.0,二元/one-hot 列同样按每 1 SD 计，不是 0→1
lasso,Lactate_max,Lactate,-0.0,0.0,0.0,二元/one-hot 列同样按每 1 SD 计，不是 0→1
lasso,MAP_max,MAP,0.0,0.0,0.0,二元/one-hot 列同样按每 1 SD 计，不是 0→1
lasso,MechVent_max,MechVent,0.0,0.0,0.0,二元/one-hot 列同样按每 1 SD 计，不是 0→1
lasso,Mg_max,Mg,-0.0,0.0,0.0,二元/one-hot 列同样按每 1 SD 计，不是 0→1
lasso,NIDiasABP_max,NIDiasABP,0.0,0.0,0.0,二元/one-hot 列同样按每 1 SD 计，不是 0→1
lasso,NIMAP_max,NIMAP,0.0,0.0,0.0,二元/one-hot 列同样按每 1 SD 计，不是 0→1
lasso,NISysABP_max,NISysABP,0.0,0.0,0.0,二元/one-hot 列同样按每 1 SD 计，不是 0→1
lasso,PaCO2_max,PaCO2,0.0,0.0,0.0,二元/one-hot 列同样按每 1 SD 计，不是 0→1
lasso,PaO2_max,PaO2,-0.0,0.0,0.0,二元/one-hot 列同样按每 1 SD 计，不是 0→1
lasso,Platelets_max,Platelets,0.0,0.0,0.0,二元/one-hot 列同样按每 1 SD 计，不是 0→1
lasso,RespRate_max,RespRate,-0.0,0.0,0.0,二元/one-hot 列同样按每 1 SD 计，不是 0→1
lasso,SaO2_max,SaO2,-0.0,0.0,0.0,二元/one-hot 列同样按每 1 SD 计，不是 0→1
lasso,TroponinI_max,TroponinI,-0.0,0.0,0.0,二元/one-hot 列同样按每 1 SD 计，不是 0→1
lasso,TroponinT_max,TroponinT,-0.0,0.0,0.0,二元/one-hot 列同样按每 1 SD 计，不是 0→1
lasso,Urine_max,Urine,0.0,0.0,0.0,二元/one-hot 列同样按每 1 SD 计，不是 0→1
lasso,Weight_max,Weight,0.0,0.0,0.0,二元/one-hot 列同样按每 1 SD 计，不是 0→1
lasso,ALP_mean,ALP,0.0,0.0,0.0,二元/one-hot 列同样按每 1 SD 计，不是 0→1
lasso,ALT_mean,ALT,0.0,0.0,0.0,二元/one-hot 列同样按每 1 SD 计，不是 0→1
lasso,AST_mean,AST,0.0,0.0,0.0,二元/one-hot 列同样按每 1 SD 计，不是 0→1
lasso,Albumin_mean,Albumin,-0.0,0.0,0.0,二元/one-hot 列同样按每 1 SD 计，不是 0→1
lasso,BUN_mean,BUN,0.0,0.0,0.0,二元/one-hot 列同样按每 1 SD 计，不是 0→1
lasso,Bilirubin_mean,Bilirubin,0.0,0.0,0.0,二元/one-hot 列同样按每 1 SD 计，不是 0→1
lasso,Cholesterol_mean,Cholesterol,-0.0,0.0,0.0,二元/one-hot 列同样按每 1 SD 计，不是 0→1
lasso,Creatinine_mean,Creatinine,0.0,0.0,0.0,二元/one-hot 列同样按每 1 SD 计，不是 0→1
lasso,DiasABP_mean,DiasABP,0.0,0.0,0.0,二元/one-hot 列同样按每 1 SD 计，不是 0→1
lasso,GCS_mean,GCS,-0.0,0.0,0.0,二元/one-hot 列同样按每 1 SD 计，不是 0→1
lasso,HCO3_mean,HCO3,0.0,0.0,0.0,二元/one-hot 列同样按每 1 SD 计，不是 0→1
lasso,HR_mean,HR,0.0,0.0,0.0,二元/one-hot 列同样按每 1 SD 计，不是 0→1
lasso,K_mean,K,0.0,0.0,0.0,二元/one-hot 列同样按每 1 SD 计，不是 0→1
lasso,Lactate_mean,Lactate,-0.0,0.0,0.0,二元/one-hot 列同样按每 1 SD 计，不是 0→1
lasso,MAP_mean,MAP,0.0,0.0,0.0,二元/one-hot 列同样按每 1 SD 计，不是 0→1
lasso,MechVent_mean,MechVent,0.0,0.0,0.0,二元/one-hot 列同样按每 1 SD 计，不是 0→1
lasso,Mg_mean,Mg,0.0,0.0,0.0,二元/one-hot 列同样按每 1 SD 计，不是 0→1
lasso,NIDiasABP_mean,NIDiasABP,-0.0,0.0,0.0,二元/one-hot 列同样按每 1 SD 计，不是 0→1
lasso,NIMAP_mean,NIMAP,0.0,0.0,0.0,二元/one-hot 列同样按每 1 SD 计，不是 0→1
lasso,NISysABP_mean,NISysABP,-0.0,0.0,0.0,二元/one-hot 列同样按每 1 SD 计，不是 0→1
lasso,PaCO2_mean,PaCO2,0.0,0.0,0.0,二元/one-hot 列同样按每 1 SD 计，不是 0→1
lasso,Platelets_mean,Platelets,0.0,0.0,0.0,二元/one-hot 列同样按每 1 SD 计，不是 0→1
lasso,SaO2_mean,SaO2,-0.0,0.0,0.0,二元/one-hot 列同样按每 1 SD 计，不是 0→1
lasso,SysABP_mean,SysABP,0.0,0.0,0.0,二元/one-hot 列同样按每 1 SD 计，不是 0→1
lasso,Temp_mean,Temp,0.0,0.0,0.0,二元/one-hot 列同样按每 1 SD 计，不是 0→1
lasso,TroponinI_mean,TroponinI,-0.0,0.0,0.0,二元/one-hot 列同样按每 1 SD 计，不是 0→1
lasso,TroponinT_mean,TroponinT,-0.0,0.0,0.0,二元/one-hot 列同样按每 1 SD 计，不是 0→1
lasso,WBC_mean,WBC,0.0,0.0,0.0,二元/one-hot 列同样按每 1 SD 计，不是 0→1
lasso,Weight_mean,Weight,0.0,0.0,0.0,二元/one-hot 列同样按每 1 SD 计，不是 0→1
lasso,ALP_count,ALP,0.0,0.0,0.0,二元/one-hot 列同样按每 1 SD 计，不是 0→1
lasso,AST_count,AST,0.0,0.0,0.0,二元/one-hot 列同样按每 1 SD 计，不是 0→1
lasso,Albumin_count,Albumin,0.0,0.0,0.0,二元/one-hot 列同样按每 1 SD 计，不是 0→1
lasso,BUN_count,BUN,0.0,0.0,0.0,二元/one-hot 列同样按每 1 SD 计，不是 0→1
lasso,Cholesterol_count,Cholesterol,-0.0,0.0,0.0,二元/one-hot 列同样按每 1 SD 计，不是 0→1
lasso,Creatinine_count,Creatinine,0.0,0.0,0.0,二元/one-hot 列同样按每 1 SD 计，不是 0→1
lasso,HCO3_count,HCO3,0.0,0.0,0.0,二元/one-hot 列同样按每 1 SD 计，不是 0→1
lasso,HCT_count,HCT,-0.0,0.0,0.0,二元/one-hot 列同样按每 1 SD 计，不是 0→1
lasso,HR_count,HR,0.0,0.0,0.0,二元/one-hot 列同样按每 1 SD 计，不是 0→1
lasso,K_count,K,0.0,0.0,0.0,二元/one-hot 列同样按每 1 SD 计，不是 0→1
lasso,Lactate_count,Lactate,0.0,0.0,0.0,二元/one-hot 列同样按每 1 SD 计，不是 0→1
lasso,MAP_count,MAP,0.0,0.0,0.0,二元/one-hot 列同样按每 1 SD 计，不是 0→1
lasso,NIDiasABP_count,NIDiasABP,-0.0,0.0,0.0,二元/one-hot 列同样按每 1 SD 计，不是 0→1
lasso,NIMAP_count,NIMAP,-0.0,0.0,0.0,二元/one-hot 列同样按每 1 SD 计，不是 0→1
lasso,NISysABP_count,NISysABP,-0.0,0.0,0.0,二元/one-hot 列同样按每 1 SD 计，不是 0→1
lasso,Na_count,Na,0.0,0.0,0.0,二元/one-hot 列同样按每 1 SD 计，不是 0→1
lasso,PaCO2_count,PaCO2,0.0,0.0,0.0,二元/one-hot 列同样按每 1 SD 计，不是 0→1
lasso,RespRate_count,RespRate,-0.0,0.0,0.0,二元/one-hot 列同样按每 1 SD 计，不是 0→1
lasso,SaO2_count,SaO2,-0.0,0.0,0.0,二元/one-hot 列同样按每 1 SD 计，不是 0→1
lasso,TroponinT_count,TroponinT,-0.0,0.0,0.0,二元/one-hot 列同样按每 1 SD 计，不是 0→1
lasso,pH_count,pH,0.0,0.0,0.0,二元/one-hot 列同样按每 1 SD 计，不是 0→1
lasso,measured_ALP,ALP,0.0,0.0,0.0,二元/one-hot 列同样按每 1 SD 计，不是 0→1
lasso,measured_ALT,ALT,0.0,0.0,0.0,二元/one-hot 列同样按每 1 SD 计，不是 0→1
lasso,measured_AST,AST,0.0,0.0,0.0,二元/one-hot 列同样按每 1 SD 计，不是 0→1
lasso,measured_BUN,BUN,0.0,0.0,0.0,二元/one-hot 列同样按每 1 SD 计，不是 0→1
lasso,measured_Bilirubin,Bilirubin,0.0,0.0,0.0,二元/one-hot 列同样按每 1 SD 计，不是 0→1
lasso,measured_Creatinine,Creatinine,0.0,0.0,0.0,二元/one-hot 列同样按每 1 SD 计，不是 0→1
lasso,measured_DiasABP,DiasABP,0.0,0.0,0.0,二元/one-hot 列同样按每 1 SD 计，不是 0→1
lasso,measured_FiO2,FiO2,-0.0,0.0,0.0,二元/one-hot 列同样按每 1 SD 计，不是 0→1
lasso,measured_Glucose,Glucose,0.0,0.0,0.0,二元/one-hot 列同样按每 1 SD 计，不是 0→1
lasso,measured_HCT,HCT,0.0,0.0,0.0,二元/one-hot 列同样按每 1 SD 计，不是 0→1
lasso,measured_K,K,-0.0,0.0,0.0,二元/one-hot 列同样按每 1 SD 计，不是 0→1
lasso,measured_Mg,Mg,0.0,0.0,0.0,二元/one-hot 列同样按每 1 SD 计，不是 0→1
lasso,measured_NIDiasABP,NIDiasABP,-0.0,0.0,0.0,二元/one-hot 列同样按每 1 SD 计，不是 0→1
lasso,measured_NISysABP,NISysABP,-0.0,0.0,0.0,二元/one-hot 列同样按每 1 SD 计，不是 0→1
lasso,measured_Na,Na,0.0,0.0,0.0,二元/one-hot 列同样按每 1 SD 计，不是 0→1
lasso,measured_PaCO2,PaCO2,0.0,0.0,0.0,二元/one-hot 列同样按每 1 SD 计，不是 0→1
lasso,measured_PaO2,PaO2,0.0,0.0,0.0,二元/one-hot 列同样按每 1 SD 计，不是 0→1
lasso,measured_Platelets,Platelets,-0.0,0.0,0.0,二元/one-hot 列同样按每 1 SD 计，不是 0→1
lasso,measured_SaO2,SaO2,0.0,0.0,0.0,二元/one-hot 列同样按每 1 SD 计，不是 0→1
lasso,measured_SysABP,SysABP,0.0,0.0,0.0,二元/one-hot 列同样按每 1 SD 计，不是 0→1
lasso,measured_TroponinI,TroponinI,0.0,0.0,0.0,二元/one-hot 列同样按每 1 SD 计，不是 0→1
lasso,measured_Urine,Urine,-0.0,0.0,0.0,二元/one-hot 列同样按每 1 SD 计，不是 0→1
lasso,measured_WBC,WBC,-0.0,0.0,0.0,二元/one-hot 列同样按每 1 SD 计，不是 0→1
lasso,Urine_sum,Urine,-0.0,0.0,0.0,二元/one-hot 列同样按每 1 SD 计，不是 0→1
ridge,measured_RespRate,RespRate,-0.10966872489416982,-10.386904799421615,-11.685267899349316,二元/one-hot 列同样按每 1 SD 计，不是 0→1
ridge,Lactate_last,Lactate,-0.07468644373089305,-7.196556827369271,-8.09612643079043,二元/one-hot 列同样按每 1 SD 计，不是 0→1
ridge,GCS_first,GCS,0.0608458140399082,6.273504273129427,7.057692307270605,二元/one-hot 列同样按每 1 SD 计，不是 0→1
ridge,MechVent_any,MechVent,-0.05865991013387738,-5.697257130054501,-6.409414271311314,二元/one-hot 列同样按每 1 SD 计，不是 0→1
ridge,measured_MechVent,MechVent,-0.058659910133877245,-5.697257130054478,-6.409414271311288,二元/one-hot 列同样按每 1 SD 计，不是 0→1
ridge,GCS_last,GCS,-0.056885383851258284,-5.529765869438375,-6.220986603118172,二元/one-hot 列同样按每 1 SD 计，不是 0→1
ridge,RespRate_count,RespRate,-0.05500317445691437,-5.35178566180694,-6.020758869532808,二元/one-hot 列同样按每 1 SD 计，不是 0→1
ridge,ICUType_SICU,ICUType,0.04406268618072895,4.504786289440288,5.067884575620324,二元/one-hot 列同样按每 1 SD 计，不是 0→1
ridge,Urine_count,Urine,0.04210697831448339,4.300605181212669,4.838180828864252,二元/one-hot 列同样按每 1 SD 计，不是 0→1
ridge,GCS_count,GCS,0.04036268604064925,4.1188330194152245,4.633687146842128,二元/one-hot 列同样按每 1 SD 计，不是 0→1
ridge,Temp_count,Temp,0.03684908360268852,3.7536427762465463,4.222848123277364,二元/one-hot 列同样按每 1 SD 计，不是 0→1
ridge,Urine_last,Urine,-0.03518024368182409,-3.4568612333600868,-3.8889688875300976,二元/one-hot 列同样按每 1 SD 计，不是 0→1
ridge,BUN_last,BUN,0.03335014674428899,3.3912496963139693,3.8151559083532156,二元/one-hot 列同样按每 1 SD 计，不是 0→1
ridge,PaO2_first,PaO2,-0.032834982811898346,-3.230176674439733,-3.6339487587446997,二元/one-hot 列同样按每 1 SD 计，不是 0→1
ridge,HR_max,HR,0.032018752489700486,3.253686776054887,3.660397623061748,二元/one-hot 列同样按每 1 SD 计，不是 0→1
ridge,PaO2_count,PaO2,0.030556722662880727,3.102837106487799,3.4906917447987738,二元/one-hot 列同样按每 1 SD 计，不是 0→1
ridge,MAP_min,MAP,0.03049661177062016,3.0966396892227355,3.483719650375577,二元/one-hot 列同样按每 1 SD 计，不是 0→1
ridge,HCT_count,HCT,-0.02980203741815281,-2.936233553138945,-3.303262747281313,二元/one-hot 列同样按每 1 SD 计，不是 0→1
ridge,Glucose_mean,Glucose,0.029138074075753712,2.9566741137729835,3.3262583779946064,二元/one-hot 列同样按每 1 SD 计，不是 0→1
ridge,Glucose_first,Glucose,-0.02846962044860981,-2.806817944967499,-3.1576701880884364,二元/one-hot 列同样按每 1 SD 计，不是 0→1
ridge,HR_min,HR,0.027431493758446043,2.781120121296232,3.1287601364582613,二元/one-hot 列同样按每 1 SD 计，不是 0→1
ridge,Albumin_last,Albumin,-0.027213130476124642,-2.6846189314808644,-3.020196297915972,二元/one-hot 列同样按每 1 SD 计，不是 0→1
ridge,HCT_mean,HCT,-0.027097870367560933,-2.6734017036569524,-3.0075769166140716,二元/one-hot 列同样按每 1 SD 计，不是 0→1
ridge,PaCO2_count,PaCO2,0.027018986366119154,2.7387308929906817,3.081072254614517,二元/one-hot 列同样按每 1 SD 计，不是 0→1
ridge,Urine_sum,Urine,-0.026852208198436964,-2.6494893033402134,-2.98067546625774,二元/one-hot 列同样按每 1 SD 计，不是 0→1
ridge,ICUType_CSRU,ICUType,-0.02676719282350337,-2.6412126613574283,-2.971364244027107,二元/one-hot 列同样按每 1 SD 计，不是 0→1
ridge,GCS_mean,GCS,-0.026493145504175274,-2.6145280904236845,-2.941344101726645,二元/one-hot 列同样按每 1 SD 计，不是 0→1
ridge,measured_Weight,Weight,0.025294408726900152,2.5617026683457222,2.8819155018889377,二元/one-hot 列同样按每 1 SD 计，不是 0→1
ridge,MAP_first,MAP,-0.025239891523536596,-2.4924028491088435,-2.8039532052474487,二元/one-hot 列同样按每 1 SD 计，不是 0→1
ridge,measured_TroponinT,TroponinT,-0.025195060081368823,-2.4880313449165636,-2.799035263031134,二元/one-hot 列同样按每 1 SD 计，不是 0→1
ridge,FiO2_mean,FiO2,-0.02492474033034124,-2.4616683707717524,-2.7693769171182216,二元/one-hot 列同样按每 1 SD 计，不是 0→1
ridge,Platelets_count,Platelets,0.02451429636623722,2.481724216509007,2.791939743572633,二元/one-hot 列同样按每 1 SD 计，不是 0→1
ridge,measured_Albumin,Albumin,0.024043518856313652,2.4334894803750284,2.737675665421907,二元/one-hot 列同样按每 1 SD 计，不是 0→1
ridge,HCT_min,HCT,-0.02350565283594424,-2.323154685858342,-2.6135490215906345,二元/one-hot 列同样按每 1 SD 计，不是 0→1
ridge,Na_max,Na,-0.023475615598788007,-2.3202206992267604,-2.6102482866301053,二元/one-hot 列同样按每 1 SD 计，不是 0→1
ridge,PaCO2_min,PaCO2,-0.02302400229612234,-2.2760972488744535,-2.56060940498376,二元/one-hot 列同样按每 1 SD 计，不是 0→1
ridge,Weight_count,Weight,-0.022981448459242756,-2.2719386333756475,-2.5559309625476034,二元/one-hot 列同样按每 1 SD 计，不是 0→1
ridge,WBC_count,WBC,0.02263980416908443,2.289802957761866,2.576028327482099,二元/one-hot 列同样按每 1 SD 计，不是 0→1
ridge,FiO2_count,FiO2,0.02255163924300706,2.2807849823860415,2.5658831051842967,二元/one-hot 列同样按每 1 SD 计，不是 0→1
ridge,measured_K,K,-0.022529274068483172,-2.227738514439259,-2.5062058287441666,二元/one-hot 列同样按每 1 SD 计，不是 0→1
ridge,measured_Cholesterol,Cholesterol,-0.022360318062237858,-2.21121790802854,-2.4876201465321075,二元/one-hot 列同样按每 1 SD 计，不是 0→1
ridge,Temp_last,Temp,0.021350215588591594,2.1579762153668858,2.4277232422877466,二元/one-hot 列同样按每 1 SD 计，不是 0→1
ridge,pH_min,pH,0.02120218189534251,2.14285451214129,2.4107113261589515,二元/one-hot 列同样按每 1 SD 计，不是 0→1
ridge,ALT_first,ALT,-0.020699961975517753,-2.0487188426442593,-2.3048086979747917,二元/one-hot 列同样按每 1 SD 计，不是 0→1
ridge,RespRate_last,RespRate,-0.020582904485177442,-2.0372522403836024,-2.2919087704315526,二元/one-hot 列同样按每 1 SD 计，不是 0→1
ridge,ICUType_CCU,ICUType,-0.02053766300008934,-2.0328201599354556,-2.2869226799273874,二元/one-hot 列同样按每 1 SD 计，不是 0→1
ridge,FiO2_max,FiO2,0.020098999466094516,2.0302344414335094,2.284013746612698,二元/one-hot 列同样按每 1 SD 计，不是 0→1
ridge,Temp_first,Temp,0.019824278093352216,2.0022084052183864,2.2524844558706847,二元/one-hot 列同样按每 1 SD 计，不是 0→1
ridge,measured_Urine,Urine,-0.019819753320088302,-1.962463321299912,-2.207771236462401,二元/one-hot 列同样按每 1 SD 计，不是 0→1
ridge,NIDiasABP_first,NIDiasABP,-0.019775305214298045,-1.958105641653618,-2.20286884686032,二元/one-hot 列同样按每 1 SD 计，不是 0→1
ridge,Lactate_max,Lactate,-0.01951452014586602,-1.9325344453759996,-2.1741012510479996,二元/one-hot 列同样按每 1 SD 计，不是 0→1
ridge,Mg_count,Mg,0.019479897223976778,1.9670868439535916,2.2129726994477905,二元/one-hot 列同样按每 1 SD 计，不是 0→1
ridge,Na_mean,Na,-0.018025561267574954,-1.786407260179046,-2.009708167701427,二元/one-hot 列同样按每 1 SD 计，不是 0→1
ridge,HR_first,HR,0.017996082421849267,1.8158987664576687,2.042886112264877,二元/one-hot 列同样按每 1 SD 计，不是 0→1
ridge,RespRate_mean,RespRate,0.017943195125810094,1.8105141412684933,2.0368284089270547,二元/one-hot 列同样按每 1 SD 计，不是 0→1
ridge,Urine_max,Urine,0.01756978241577244,1.7725038984682362,1.9940668857767658,二元/one-hot 列同样按每 1 SD 计，不是 0→1
ridge,MechVent_count,MechVent,0.01719201963392983,1.7340652950744495,1.9508234569587557,二元/one-hot 列同样按每 1 SD 计，不是 0→1
ridge,HR_last,HR,-0.01712453430469367,-1.697874285690082,-1.9101085714013422,二元/one-hot 列同样按每 1 SD 计，不是 0→1
ridge,Height,Height,-0.017108779785487613,-1.6963255707629243,-1.90836626710829,二元/one-hot 列同样按每 1 SD 计，不是 0→1
ridge,measured_Platelets,Platelets,-0.017091509073421655,-1.6946277816458633,-1.9064562543515962,二元/one-hot 列同样按每 1 SD 计，不是 0→1
ridge,Platelets_last,Platelets,0.016876151950152945,1.7019358660997908,1.9146778493622647,二元/one-hot 列同样按每 1 SD 计，不是 0→1
ridge,Glucose_count,Glucose,0.016864429658261952,1.7007436933091924,1.9133366549728414,二元/one-hot 列同样按每 1 SD 计，不是 0→1
ridge,FiO2_min,FiO2,0.01681823290948527,1.6960455581225053,1.9080512528878186,二元/one-hot 列同样按每 1 SD 计，不是 0→1
ridge,pH_last,pH,0.016721449003484486,1.686203493892946,1.8969789306295644,二元/one-hot 列同样按每 1 SD 计，不是 0→1
ridge,PaO2_last,PaO2,0.016437846100414072,1.6573690803348473,1.8645402153767032,二元/one-hot 列同样按每 1 SD 计，不是 0→1
ridge,measured_NIMAP,NIMAP,-0.0164296155979924,-1.629538558485133,-1.8332308782957747,二元/one-hot 列同样按每 1 SD 计，不是 0→1
ridge,SysABP_count,SysABP,0.01631138853740687,1.644514549972631,1.8500788687192098,二元/one-hot 列同样按每 1 SD 计，不是 0→1
ridge,DiasABP_count,DiasABP,0.016230007487947534,1.6362429492871033,1.8407733179479913,二元/one-hot 列同样按每 1 SD 计，不是 0→1
ridge,measured_pH,pH,0.016150623019159392,1.6281749303729054,1.8316967966695186,二元/one-hot 列同样按每 1 SD 计，不是 0→1
ridge,TroponinI_last,TroponinI,-0.01610005065441927,-1.597113760165969,-1.7967529801867153,二元/one-hot 列同样按每 1 SD 计，不是 0→1
ridge,PaCO2_last,PaCO2,0.01588561030176988,1.6012457400178315,1.8014014575200603,二元/one-hot 列同样按每 1 SD 计，不是 0→1
ridge,BUN_first,BUN,-0.015734939688369573,-1.5611792276621128,-1.7563266311198769,二元/one-hot 列同样按每 1 SD 计，不是 0→1
ridge,Temp_max,Temp,0.015657539957177433,1.5780761511393626,1.775335670031783,二元/one-hot 列同样按每 1 SD 计，不是 0→1
ridge,ALP_first,ALP,0.015322491475134791,1.5440482717291149,1.737054305695254,二元/one-hot 列同样按每 1 SD 计，不是 0→1
ridge,BUN_max,BUN,0.014987688294073388,1.5100566919119318,1.6988137784009232,二元/one-hot 列同样按每 1 SD 计，不是 0→1
ridge,NIDiasABP_last,NIDiasABP,-0.01495565320481791,-1.4844372870826628,-1.6699919479679957,二元/one-hot 列同样按每 1 SD 计，不是 0→1
ridge,SysABP_mean,SysABP,-0.01495324113401521,-1.4841996602836471,-1.669724617819103,二元/one-hot 列同样按每 1 SD 计，不是 0→1
ridge,Platelets_min,Platelets,-0.01488668321015257,-1.4776424349301376,-1.6623477392964048,二元/one-hot 列同样按每 1 SD 计，不是 0→1
ridge,Urine_first,Urine,-0.01488050414419108,-1.477033656903215,-1.6616628640161168,二元/one-hot 列同样按每 1 SD 计，不是 0→1
ridge,Urine_mean,Urine,-0.014708211021034883,-1.4600573649221626,-1.642564535537433,二元/one-hot 列同样按每 1 SD 计，不是 0→1
ridge,measured_FiO2,FiO2,-0.014541618326821647,-1.4436399629193297,-1.6240949582842459,二元/one-hot 列同样按每 1 SD 计，不是 0→1
ridge,WBC_first,WBC,-0.014524149756484016,-1.441918309174428,-1.6221580978212315,二元/one-hot 列同样按每 1 SD 计，不是 0→1
ridge,measured_HCO3,HCO3,0.014514073392816585,1.461991399553031,1.64474032449716,二元/one-hot 列同样按每 1 SD 计，不是 0→1
ridge,BUN_min,BUN,0.014310894415788708,1.4413785500529963,1.6215508688096207,二元/one-hot 列同样按每 1 SD 计，不是 0→1
ridge,K_first,K,-0.014191525767433624,-1.409130074114806,-1.5852713333791568,二元/one-hot 列同样按每 1 SD 计，不是 0→1
ridge,Platelets_max,Platelets,0.014016010018571948,1.4114694803621708,1.5879031654074423,二元/one-hot 列同样按每 1 SD 计，不是 0→1
ridge,AST_min,AST,-0.013866679813265913,-1.3770980264426358,-1.5492352797479652,二元/one-hot 列同样按每 1 SD 计，不是 0→1
ridge,measured_MAP,MAP,0.01385798704907572,1.3954454049332377,1.5698760805498924,二元/one-hot 列同样按每 1 SD 计，不是 0→1
ridge,Albumin_min,Albumin,-0.01383596654204197,-1.3740689479892154,-1.5458275664878673,二元/one-hot 列同样按每 1 SD 计，不是 0→1
ridge,Weight_last,Weight,0.013739436855829797,1.3834256677713874,1.5563538762428109,二元/one-hot 列同样按每 1 SD 计，不是 0→1
ridge,K_last,K,-0.013463868966006948,-1.3373636495577879,-1.5045341057525112,二元/one-hot 列同样按每 1 SD 计，不是 0→1
ridge,AST_mean,AST,0.013389725086638824,1.3479768894032462,1.516474000578652,二元/one-hot 列同样按每 1 SD 计，不是 0→1
ridge,NISysABP_first,NISysABP,-0.013365858603759367,-1.3276932149351217,-1.493654866802012,二元/one-hot 列同样按每 1 SD 计，不是 0→1
ridge,Mg_min,Mg,-0.013212536323423976,-1.3125633920130442,-1.4766338160146746,二元/one-hot 列同样按每 1 SD 计，不是 0→1
ridge,NIMAP_mean,NIMAP,0.013200533687522801,1.328804537537187,1.4949051047293356,二元/one-hot 列同样按每 1 SD 计，不是 0→1
ridge,Gender,Gender,0.013197352393973377,1.3284821813776881,1.494542454049899,二元/one-hot 列同样按每 1 SD 计，不是 0→1
ridge,GCS_min,GCS,0.013159495458408377,1.3246462681652638,1.4902270516859217,二元/one-hot 列同样按每 1 SD 计，不是 0→1
ridge,Temp_min,Temp,-0.01311085953969826,-1.3025286607236564,-1.4653447433141134,二元/one-hot 列同样按每 1 SD 计，不是 0→1
ridge,BUN_mean,BUN,0.013089301362890202,1.3175341258848894,1.4822258916205007,二元/one-hot 列同样按每 1 SD 计，不是 0→1
ridge,K_count,K,0.012981337727259032,1.3065961070122478,1.4699206203887787,二元/one-hot 列同样按每 1 SD 计，不是 0→1
ridge,PaO2_max,PaO2,-0.012837149208103334,-1.275510445702177,-1.4349492514149493,二元/one-hot 列同样按每 1 SD 计，不是 0→1
ridge,HR_mean,HR,0.012809001440422928,1.2891388087133526,1.4502811598025218,二元/one-hot 列同样按每 1 SD 计，不是 0→1
ridge,pH_count,pH,0.012465810005178279,1.2543832080442519,1.4111811090497834,二元/one-hot 列同样按每 1 SD 计，不是 0→1
ridge,SysABP_max,SysABP,0.012373247950648973,1.2450113280513486,1.400637744057767,二元/one-hot 列同样按每 1 SD 计，不是 0→1
ridge,NIMAP_last,NIMAP,0.0123143912520024,1.239052556288689,1.393934125824775,二元/one-hot 列同样按每 1 SD 计，不是 0→1
ridge,Glucose_min,Glucose,0.012159822182322843,1.2234053394388544,1.3763310068687113,二元/one-hot 列同样按每 1 SD 计，不是 0→1
ridge,NIDiasABP_max,NIDiasABP,0.012096729439989042,1.2170190786730872,1.369146463507223,二元/one-hot 列同样按每 1 SD 计，不是 0→1
ridge,Weight_max,Weight,0.011962400917031322,1.2034236591488279,1.3538516165424315,二元/one-hot 列同样按每 1 SD 计，不是 0→1
ridge,NIDiasABP_min,NIDiasABP,-0.011777560055484722,-1.1708476074609342,-1.317203558393551,二元/one-hot 列同样按每 1 SD 计，不是 0→1
ridge,Creatinine_min,Creatinine,0.011763783161219492,1.1833248583166034,1.3312404656061787,二元/one-hot 列同样按每 1 SD 计，不是 0→1
ridge,SaO2_count,SaO2,-0.011527081798026601,-1.1460899530859603,-1.2893511972217053,二元/one-hot 列同样按每 1 SD 计，不是 0→1
ridge,measured_GCS,GCS,0.011410800668746782,1.147615218920972,1.2910671212860936,二元/one-hot 列同样按每 1 SD 计，不是 0→1
ridge,measured_Temp,Temp,0.011410800668746779,1.147615218920972,1.2910671212860936,二元/one-hot 列同样按每 1 SD 计，不是 0→1
ridge,measured_HR,HR,0.011410800668746763,1.147615218920972,1.2910671212860936,二元/one-hot 列同样按每 1 SD 计，不是 0→1
ridge,PaO2_min,PaO2,-0.011273446721314832,-1.1210139540859143,-1.2611406983466535,二元/one-hot 列同样按每 1 SD 计，不是 0→1
ridge,Mg_last,Mg,0.01125288019883429,1.1316432011825306,1.273098601330347,二元/one-hot 列同样按每 1 SD 计，不是 0→1
ridge,NIMAP_max,NIMAP,0.011096914579134556,1.1158713717429602,1.2553552932108303,二元/one-hot 列同样按每 1 SD 计，不是 0→1
ridge,NIMAP_min,NIMAP,0.010868087870701768,1.0927360068222924,1.229328007675079,二元/one-hot 列同样按每 1 SD 计，不是 0→1
ridge,measured_NISysABP,NISysABP,-0.010792790279765643,-1.0734757086423796,-1.2076601722226772,二元/one-hot 列同样按每 1 SD 计，不是 0→1
ridge,GCS_max,GCS,0.01062305246266653,1.0679677416803646,1.2014637093904101,二元/one-hot 列同样按每 1 SD 计，不是 0→1
ridge,ALP_last,ALP,-0.010610821250993113,-1.0554725071343696,-1.1874065705261658,二元/one-hot 列同样按每 1 SD 计，不是 0→1
ridge,ALT_last,ALT,0.010578012583388858,1.063415755125674,1.1963427245163833,二元/one-hot 列同样按每 1 SD 计，不是 0→1
ridge,measured_NIDiasABP,NIDiasABP,-0.01053284859658391,-1.0477572389004264,-1.1787268937629798,二元/one-hot 列同样按每 1 SD 计，不是 0→1
ridge,Albumin_max,Albumin,-0.010437821334525416,-1.0383536314038322,-1.1681478353293113,二元/one-hot 列同样按每 1 SD 计，不是 0→1
ridge,TroponinT_min,TroponinT,0.010368076802977555,1.0422011549978238,1.1724762993725517,二元/one-hot 列同样按每 1 SD 计，不是 0→1
ridge,RespRate_max,RespRate,-0.010234523131737385,-1.0182328613632552,-1.1455119690336621,二元/one-hot 列同样按每 1 SD 计，不是 0→1
ridge,AST_max,AST,0.010223309348017524,1.0275745914438028,1.156021415374278,二元/one-hot 列同样按每 1 SD 计，不是 0→1
ridge,ALT_count,ALT,0.010199855715629686,1.0252051556343345,1.1533558000886264,二元/one-hot 列同样按每 1 SD 计，不是 0→1
ridge,Urine_min,Urine,-0.010193618776285038,-1.0141839931693153,-1.1409569923154796,二元/one-hot 列同样按每 1 SD 计，不是 0→1
ridge,NISysABP_mean,NISysABP,-0.010105731526858829,-1.0054840197654902,-1.1311695222361764,二元/one-hot 列同样按每 1 SD 计，不是 0→1
ridge,Na_last,Na,-0.01008794976728998,-1.003723707433024,-1.1291891708621522,二元/one-hot 列同样按每 1 SD 计，不是 0→1
ridge,Weight,Weight,-0.009974323319455946,-0.9924744731159341,-1.1165337822554258,二元/one-hot 列同样按每 1 SD 计，不是 0→1
ridge,Weight_first,Weight,-0.009974323319455889,-0.9924744731159341,-1.1165337822554258,二元/one-hot 列同样按每 1 SD 计，不是 0→1
ridge,measured_Glucose,Glucose,0.009959411683328317,1.0009171680104956,1.1260318140118075,二元/one-hot 列同样按每 1 SD 计，不是 0→1
ridge,WBC_max,WBC,0.009656647713895372,0.9703423581213011,1.0916351528864636,二元/one-hot 列同样按每 1 SD 计，不是 0→1
ridge,K_mean,K,0.009566740042209143,0.961264757809599,1.0814228525357987,二元/one-hot 列同样按每 1 SD 计，不是 0→1
ridge,PaCO2_max,PaCO2,0.009386583597440715,0.9430775736099184,1.0609622703111583,二元/one-hot 列同样按每 1 SD 计，不是 0→1
ridge,pH_first,pH,0.00935258761956981,0.9396459733091334,1.057101719972775,二元/one-hot 列同样按每 1 SD 计，不是 0→1
ridge,Temp_mean,Temp,-0.009297924061281828,-0.9254832024271242,-1.0411686027305147,二元/one-hot 列同样按每 1 SD 计，不是 0→1
ridge,measured_WBC,WBC,-0.009254840209432843,-0.9212145986701281,-1.036366423503894,二元/one-hot 列同样按每 1 SD 计，不是 0→1
ridge,PaO2_mean,PaO2,-0.00913206242906313,-0.9090491785104682,-1.0226803258242767,二元/one-hot 列同样按每 1 SD 计，不是 0→1
ridge,Cholesterol_count,Cholesterol,-0.009130001081837464,-0.9088449174433744,-1.0224505321237962,二元/one-hot 列同样按每 1 SD 计，不是 0→1
ridge,Lactate_mean,Lactate,-0.008945118022285769,-0.8905229478584853,-1.001838316340796,二元/one-hot 列同样按每 1 SD 计，不是 0→1
ridge,K_max,K,0.008933845785304335,0.8973871691862367,1.0095605653345163,二元/one-hot 列同样按每 1 SD 计，不是 0→1
ridge,Albumin_mean,Albumin,-0.00884918240569976,-0.8810143629692901,-0.9911411583404515,二元/one-hot 列同样按每 1 SD 计，不是 0→1
ridge,FiO2_first,FiO2,-0.008808880050454299,-0.8770195538990166,-0.9866469981363937,二元/one-hot 列同样按每 1 SD 计，不是 0→1
ridge,Weight_mean,Weight,0.008766732069155039,0.8805272406685161,0.9905931457520806,二元/one-hot 列同样按每 1 SD 计，不是 0→1
ridge,Lactate_count,Lactate,0.00866725553668754,0.8704924947442683,0.9793040565873018,二元/one-hot 列同样按每 1 SD 计，不是 0→1
ridge,SysABP_last,SysABP,0.00857807752433119,0.8614974658035512,0.9691846490289951,二元/one-hot 列同样按每 1 SD 计，不是 0→1
ridge,TroponinI_count,TroponinI,0.008569032238649623,0.8605851488707961,0.9681582924796456,二元/one-hot 列同样按每 1 SD 计，不是 0→1
ridge,SaO2_first,SaO2,0.008497525262974589,0.8533731713183945,0.9600448177331938,二元/one-hot 列同样按每 1 SD 计，不是 0→1
ridge,RespRate_min,RespRate,0.008389422947122256,0.8424712773876797,0.9477801870611396,二元/one-hot 列同样按每 1 SD 计，不是 0→1
ridge,SysABP_min,SysABP,0.008366410938467432,0.8401507162663524,0.9451695557996465,二元/one-hot 列同样按每 1 SD 计，不是 0→1
ridge,HCT_first,HCT,-0.008350371131892347,-0.8315603624040713,-0.9355054077045801,二元/one-hot 列同样按每 1 SD 计，不是 0→1
ridge,TroponinT_count,TroponinT,-0.008350222562643232,-0.8315456290223677,-0.9354888326501637,二元/one-hot 列同样按每 1 SD 计，不是 0→1
ridge,Bilirubin_count,Bilirubin,0.008277777566997529,0.8312133098109076,0.935114973537271,二元/one-hot 列同样按每 1 SD 计，不是 0→1
ridge,measured_TroponinI,TroponinI,0.008272891751616395,0.8307206683215052,0.9345607518616933,二元/one-hot 列同样按每 1 SD 计，不是 0→1
ridge,SaO2_max,SaO2,-0.00817904790592299,-0.814569049949343,-0.9163901811930109,二元/one-hot 列同样按每 1 SD 计，不是 0→1
ridge,measured_HCT,HCT,0.007896848724205935,0.7928111071252131,0.8919124955158647,二元/one-hot 列同样按每 1 SD 计，不是 0→1
ridge,Mg_max,Mg,-0.0077938083272519115,-0.7763515353428785,-0.8733954772607383,二元/one-hot 列同样按每 1 SD 计，不是 0→1
ridge,MAP_max,MAP,0.007787371602540905,0.7817772042716609,0.8794993548056185,二元/one-hot 列同样按每 1 SD 计，不是 0→1
ridge,PaCO2_first,PaCO2,0.007235108111703905,0.7261344743184628,0.8169012836082706,二元/one-hot 列同样按每 1 SD 计，不是 0→1
ridge,Weight_min,Weight,-0.00715893329445494,-0.71333691718235,-0.8025040318301437,二元/one-hot 列同样按每 1 SD 计，不是 0→1
ridge,FiO2_last,FiO2,-0.007120297961645146,-0.7095008698075667,-0.7981884785335125,二元/one-hot 列同样按每 1 SD 计，不是 0→1
ridge,TroponinT_max,TroponinT,-0.006910956614476281,-0.688713087163284,-0.7748022230586946,二元/one-hot 列同样按每 1 SD 计，不是 0→1
ridge,RespRate_first,RespRate,0.006854496800423109,0.687804263114633,0.7737797960039622,二元/one-hot 列同样按每 1 SD 计，不是 0→1
ridge,measured_Creatinine,Creatinine,0.0068109559280130965,0.6834203237169323,0.7688478641815488,二元/one-hot 列同样按每 1 SD 计，不是 0→1
ridge,measured_BUN,BUN,0.00681095592801309,0.6834203237169323,0.7688478641815488,二元/one-hot 列同样按每 1 SD 计，不是 0→1
ridge,ALP_min,ALP,0.006799520789615584,0.6822690014539834,0.7675526266357313,二元/one-hot 列同样按每 1 SD 计，不是 0→1
ridge,HCO3_max,HCO3,0.006686447602727792,0.6708851800494964,0.7547458275556834,二元/one-hot 列同样按每 1 SD 计，不是 0→1
ridge,Creatinine_count,Creatinine,-0.00643472909710249,-0.6414070562268059,-0.7215829382551566,二元/one-hot 列同样按每 1 SD 计，不是 0→1
ridge,Mg_mean,Mg,0.0063001371847854065,0.6320024792007217,0.7110027891008119,二元/one-hot 列同样按每 1 SD 计，不是 0→1
ridge,K_min,K,0.006187581374044789,0.6206763999952125,0.6982609499946141,二元/one-hot 列同样按每 1 SD 计，不是 0→1
ridge,ALT_min,ALT,-0.006129241429041732,-0.6110495946876404,-0.6874307940235955,二元/one-hot 列同样按每 1 SD 计，不是 0→1
ridge,AST_count,AST,0.005884099449969434,0.5901444766973185,0.6639125362844833,二元/one-hot 列同样按每 1 SD 计，不是 0→1
ridge,NIDiasABP_mean,NIDiasABP,-0.005850444516005957,-0.5833363991275875,-0.6562534490185359,二元/one-hot 列同样按每 1 SD 计，不是 0→1
ridge,HCO3_count,HCO3,-0.005812315715501025,-0.5795456887271233,-0.6519888998180137,二元/one-hot 列同样按每 1 SD 计，不是 0→1
ridge,Glucose_last,Glucose,0.005792108854143814,0.5808915549701421,0.6535029993414099,二元/one-hot 列同样按每 1 SD 计，不是 0→1
ridge,Glucose_max,Glucose,-0.005721906940265906,-0.5705568008884776,-0.6418764009995372,二元/one-hot 列同样按每 1 SD 计，不是 0→1
ridge,measured_SysABP,SysABP,0.005680404706575204,0.5696568797088908,0.6408639896725021,二元/one-hot 列同样按每 1 SD 计，不是 0→1
ridge,ALP_count,ALP,-0.005679707541171919,-0.5663608496005335,-0.6371559558006001,二元/one-hot 列同样按每 1 SD 计，不是 0→1
ridge,Cholesterol_first,Cholesterol,-0.005426211329549514,-0.5411516036789132,-0.6087955541387774,二元/one-hot 列同样按每 1 SD 计，不是 0→1
ridge,Bilirubin_last,Bilirubin,0.0053168427421425015,0.5331002233989413,0.5997377513238089,二元/one-hot 列同样按每 1 SD 计，不是 0→1
ridge,WBC_mean,WBC,0.0052535459450062565,0.5267370015365369,0.592579126728604,二元/one-hot 列同样按每 1 SD 计，不是 0→1
ridge,HCO3_first,HCO3,0.005224671527503073,0.5238343924678812,0.5893136915263664,二元/one-hot 列同样按每 1 SD 计，不是 0→1
ridge,measured_Na,Na,0.005193896845256975,0.5207408510079281,0.5858334573839191,二元/one-hot 列同样按每 1 SD 计，不是 0→1
ridge,TroponinT_first,TroponinT,-0.005063794297304215,-0.5050994904572503,-0.5682369267644066,二元/one-hot 列同样按每 1 SD 计，不是 0→1
ridge,HR_count,HR,-0.00505254929544782,-0.5039806638257205,-0.5669782468039355,二元/one-hot 列同样按每 1 SD 计，不是 0→1
ridge,NISysABP_max,NISysABP,-0.004957405502429283,-0.4945137848055836,-0.5563280079062816,二元/one-hot 列同样按每 1 SD 计，不是 0→1
ridge,NISysABP_count,NISysABP,0.0049390763854917615,0.4951293729112294,0.557020544525133,二元/one-hot 列同样按每 1 SD 计，不是 0→1
ridge,Cholesterol_min,Cholesterol,-0.004919120385971833,-0.4907041327516626,-0.5520421493456205,二元/one-hot 列同样按每 1 SD 计，不是 0→1
ridge,NIMAP_first,NIMAP,0.004846577013499503,0.4858340664675831,0.546563324776031,二元/one-hot 列同样按每 1 SD 计，不是 0→1
ridge,Cholesterol_mean,Cholesterol,-0.0048401400519503986,-0.48284454495347573,-0.5432001130726603,二元/one-hot 列同样按每 1 SD 计，不是 0→1
ridge,measured_ALT,ALT,0.004811266024309303,0.48228587491254693,0.5425716092766153,二元/one-hot 列同样按每 1 SD 计，不是 0→1
ridge,Creatinine_mean,Creatinine,0.004788930366373913,0.4800415620108689,0.5400467572622275,二元/one-hot 列同样按每 1 SD 计，不是 0→1
ridge,ALP_mean,ALP,0.004769523942580466,0.4780916226622578,0.53785307549504,二元/one-hot 列同样按每 1 SD 计，不是 0→1
ridge,Cholesterol_max,Cholesterol,-0.00476405634428216,-0.4752726227435611,-0.5346817005865062,二元/one-hot 列同样按每 1 SD 计，不是 0→1
ridge,Bilirubin_first,Bilirubin,-0.004746573736679096,-0.4735326557784858,-0.5327242377507966,二元/one-hot 列同样按每 1 SD 计，不是 0→1
ridge,Age,Age,-0.004668178070038793,-0.4657299061757936,-0.5239461444477678,二元/one-hot 列同样按每 1 SD 计，不是 0→1
ridge,measured_DiasABP,DiasABP,0.004662393610676569,0.4673279479259884,0.525743941416737,二元/one-hot 列同样按每 1 SD 计，不是 0→1
ridge,pH_max,pH,0.004563918346285901,0.4574348883624957,0.5146142494078076,二元/one-hot 列同样按每 1 SD 计，不是 0→1
ridge,HCO3_mean,HCO3,0.004401751585287251,0.44114535237476105,0.4962885214216062,二元/one-hot 列同样按每 1 SD 计，不是 0→1
ridge,TroponinI_first,TroponinI,-0.0043827775281369535,-0.4373187174617321,-0.49198355714444864,二元/one-hot 列同样按每 1 SD 计，不是 0→1
ridge,measured_Lactate,Lactate,0.004317169472604138,0.4326501873751276,0.48673146079701857,二元/one-hot 列同样按每 1 SD 计，不是 0→1
ridge,Na_min,Na,0.004260709956821456,0.4269799686471787,0.480352464728076,二元/one-hot 列同样按每 1 SD 计，不是 0→1
ridge,Cholesterol_last,Cholesterol,-0.004255795710211467,-0.42467526446761106,-0.47775967252606244,二元/one-hot 列同样按每 1 SD 计，不是 0→1
ridge,MAP_count,MAP,-0.004233987034634171,-0.42250363483484765,-0.4753165891892036,二元/one-hot 列同样按每 1 SD 计，不是 0→1
ridge,AST_first,AST,0.004184949260735017,0.4193718389411405,0.47179331880878306,二元/one-hot 列同样按每 1 SD 计，不是 0→1
ridge,TroponinT_last,TroponinT,-0.004014785592590104,-0.40067371154854925,-0.4507579254921179,二元/one-hot 列同样按每 1 SD 计，不是 0→1
ridge,pH_mean,pH,0.003983324421015223,0.3991268402052439,0.4490176952308994,二元/one-hot 列同样按每 1 SD 计，不是 0→1
ridge,Platelets_first,Platelets,0.003964320564612341,0.39721888774508773,0.4468712487132237,二元/one-hot 列同样按每 1 SD 计，不是 0→1
ridge,Albumin_count,Albumin,-0.0039106625686568435,-0.39030258858671063,-0.43909041216004946,二元/one-hot 列同样按每 1 SD 计，不是 0→1
ridge,NIDiasABP_count,NIDiasABP,0.0038939517891410816,0.3901543069571023,0.4389235953267401,二元/one-hot 列同样按每 1 SD 计，不是 0→1
ridge,AST_last,AST,0.003878310894320539,0.3885841273921109,0.43715714331612476,二元/one-hot 列同样按每 1 SD 计，不是 0→1
ridge,DiasABP_mean,DiasABP,0.003863606160681027,0.3871079508554809,0.435496444712416,二元/one-hot 列同样按每 1 SD 计，不是 0→1
ridge,measured_PaCO2,PaCO2,0.0038146053840452804,0.38218902511824027,0.4299626532580203,二元/one-hot 列同样按每 1 SD 计，不是 0→1
ridge,ALT_max,ALT,0.003766696699490766,0.37737996168822896,0.4245524568992576,二元/one-hot 列同样按每 1 SD 计，不是 0→1
ridge,TroponinT_mean,TroponinT,0.0037588820028281395,0.37659554597702094,0.42366998922414856,二元/one-hot 列同样按每 1 SD 计，不是 0→1
ridge,measured_Mg,Mg,0.0036805790486750278,0.3687360697320674,0.41482807844857583,二元/one-hot 列同样按每 1 SD 计，不是 0→1
ridge,NISysABP_last,NISysABP,-0.0035927607675518363,-0.3586314524832157,-0.40346038404361767,二元/one-hot 列同样按每 1 SD 计，不是 0→1
ridge,Bilirubin_max,Bilirubin,0.0034851785539424924,0.34912588503064335,0.39276662065947376,二元/one-hot 列同样按每 1 SD 计，不是 0→1
ridge,Creatinine_first,Creatinine,0.0033507599436793435,0.33563800151963363,0.37759275170958784,二元/one-hot 列同样按每 1 SD 计，不是 0→1
ridge,HCT_last,HCT,-0.00331434051837115,-0.3308854154734808,-0.37224609240766593,二元/one-hot 列同样按每 1 SD 计，不是 0→1
ridge,NIMAP_count,NIMAP,0.0033134596613150625,0.3318955236891519,0.37338246415029586,二元/one-hot 列同样按每 1 SD 计，不是 0→1
ridge,ICUType_MICU,ICUType,-0.003187082258114538,-0.31820089026194376,-0.35797600154468673,二元/one-hot 列同样按每 1 SD 计，不是 0→1
ridge,DiasABP_min,DiasABP,0.003178812413060057,0.3183870195065497,0.3581853969448684,二元/one-hot 列同样按每 1 SD 计，不是 0→1
ridge,DiasABP_first,DiasABP,-0.003167205029848116,-0.31621947269455664,-0.3557469067813762,二元/one-hot 列同样按每 1 SD 计，不是 0→1
ridge,measured_Bilirubin,Bilirubin,0.00313120023690508,0.313610756497229,0.35281210105938265,二元/one-hot 列同样按每 1 SD 计，不是 0→1
ridge,Platelets_mean,Platelets,-0.0030912970988695755,-0.3086523959656695,-0.3472339454613782,二元/one-hot 列同样按每 1 SD 计，不是 0→1
ridge,NISysABP_min,NISysABP,0.0029962105069629976,0.3000703631992785,0.3375791585991883,二元/one-hot 列同样按每 1 SD 计，不是 0→1
ridge,PaCO2_mean,PaCO2,0.0029729126695327486,0.297733615686413,0.3349503176472146,二元/one-hot 列同样按每 1 SD 计，不是 0→1
ridge,HCT_max,HCT,-0.0028533234263762434,-0.2849256568028813,-0.32054136390324145,二元/one-hot 列同样按每 1 SD 计，不是 0→1
ridge,measured_PaO2,PaO2,0.0027264665071548982,0.2730186697185166,0.3071460034333312,二元/one-hot 列同样按每 1 SD 计，不是 0→1
ridge,HCO3_min,HCO3,0.002413292280758149,0.24162066144823857,0.2718232441292684,二元/one-hot 列同样按每 1 SD 计，不是 0→1
ridge,ALT_mean,ALT,-0.0022921381620832023,-0.22895132193663237,-0.2575702371787114,二元/one-hot 列同样按每 1 SD 计，不是 0→1
ridge,TroponinI_max,TroponinI,0.0022877465350556138,0.2290365423897045,0.25766611018841756,二元/one-hot 列同样按每 1 SD 计，不是 0→1
ridge,MAP_mean,MAP,0.0022369046092572697,0.22394083468988413,0.25193343902611964,二元/one-hot 列同样按每 1 SD 计，不是 0→1
ridge,SaO2_last,SaO2,-0.0021379485984036784,-0.21356648141267476,-0.2402622915892591,二元/one-hot 列同样按每 1 SD 计，不是 0→1
ridge,Na_count,Na,-0.002110788078794927,-0.2108561932221531,-0.23721321737492224,二元/one-hot 列同样按每 1 SD 计，不是 0→1
ridge,Lactate_min,Lactate,0.002030547184287376,0.2032610141295299,0.22866864089572114,二元/one-hot 列同样按每 1 SD 计，不是 0→1
ridge,WBC_min,WBC,0.001958302284010153,0.19602210102054318,0.22052486364811108,二元/one-hot 列同样按每 1 SD 计，不是 0→1
ridge,ALP_max,ALP,0.0019009289323337784,0.19027368431252523,0.21405789485159088,二元/one-hot 列同样按每 1 SD 计，不是 0→1
ridge,measured_ALP,ALP,0.001738721873752105,0.1740234327080703,0.1957763617965791,二元/one-hot 列同样按每 1 SD 计，不是 0→1
ridge,Creatinine_last,Creatinine,0.0016578786272583603,0.16592536678081693,0.18666603762841905,二元/one-hot 列同样按每 1 SD 计，不是 0→1
ridge,Mg_first,Mg,0.0014505221301775314,0.1451574646240461,0.16330214770205187,二元/one-hot 列同样按每 1 SD 计，不是 0→1
ridge,SysABP_first,SysABP,0.0014333326745829898,0.14343603868200994,0.16136554351726118,二元/one-hot 列同样按每 1 SD 计，不是 0→1
ridge,measured_SaO2,SaO2,0.0014241418829922766,0.14251564546179374,0.16033010114451796,二元/one-hot 列同样按每 1 SD 计，不是 0→1
ridge,TroponinI_mean,TroponinI,-0.0013581283467413495,-0.1357206507810682,-0.15268573212870173,二元/one-hot 列同样按每 1 SD 计，不是 0→1
ridge,WBC_last,WBC,-0.0012575529942648745,-0.12567626058513914,-0.14138579315828154,二元/one-hot 列同样按每 1 SD 计，不是 0→1
ridge,Albumin_first,Albumin,0.001229465084885373,0.1230221186918179,0.13839988352829513,二元/one-hot 列同样按每 1 SD 计，不是 0→1
ridge,Lactate_first,Lactate,0.0012077193879386826,0.12084489746810867,0.13595050965162225,二元/one-hot 列同样按每 1 SD 计，不是 0→1
ridge,Creatinine_max,Creatinine,-0.0011158005762910855,-0.11151783022941286,-0.12545755900808947,二元/one-hot 列同样按每 1 SD 计，不是 0→1
ridge,SaO2_min,SaO2,0.001089445036822333,0.10900386976337995,0.12262935348380244,二元/one-hot 列同样按每 1 SD 计，不是 0→1
ridge,DiasABP_last,DiasABP,-0.0009932116089957012,-0.09927185376005232,-0.11168083548005886,二元/one-hot 列同样按每 1 SD 计，不是 0→1
ridge,Bilirubin_mean,Bilirubin,0.000926629417146612,0.09270588708227834,0.10429412296756313,二元/one-hot 列同样按每 1 SD 计，不是 0→1
ridge,TroponinI_min,TroponinI,0.000859452966671275,0.08598224022020595,0.0967300202477317,二元/one-hot 列同样按每 1 SD 计，不是 0→1
ridge,Bilirubin_min,Bilirubin,-0.0007362350910774866,-0.07359641365223268,-0.08279596535876177,二元/one-hot 列同样按每 1 SD 计，不是 0→1
ridge,SaO2_mean,SaO2,0.0005340287005915854,0.0534171319304555,0.060094273421762434,二元/one-hot 列同样按每 1 SD 计，不是 0→1
ridge,Na_first,Na,0.0004930394439799786,0.04931610079044191,0.055480613389247146,二元/one-hot 列同样按每 1 SD 计，不是 0→1
ridge,measured_AST,AST,-0.0003920705992463944,-0.039199374961285116,-0.044099296831445756,二元/one-hot 列同样按每 1 SD 计，不是 0→1
ridge,MAP_last,MAP,-0.00034535879225583617,-0.034529916277281636,-0.03884615581194184,二元/one-hot 列同样按每 1 SD 计，不是 0→1
ridge,HCO3_last,HCO3,-0.0003160553680415319,-0.03160054278050772,-0.03555061062807119,二元/one-hot 列同样按每 1 SD 计，不是 0→1
ridge,DiasABP_max,DiasABP,0.0001648788112203784,0.016489240447858933,0.0185503955038413,二元/one-hot 列同样按每 1 SD 计，不是 0→1
ridge,BUN_count,BUN,-5.56864349127178e-05,-0.005568488445195641,-0.006264549500845096,二元/one-hot 列同样按每 1 SD 计，不是 0→1
ridge,MechVent_first,MechVent,0.0,0.0,0.0,二元/one-hot 列同样按每 1 SD 计，不是 0→1
ridge,MechVent_last,MechVent,0.0,0.0,0.0,二元/one-hot 列同样按每 1 SD 计，不是 0→1
ridge,MechVent_min,MechVent,0.0,0.0,0.0,二元/one-hot 列同样按每 1 SD 计，不是 0→1
ridge,MechVent_max,MechVent,0.0,0.0,0.0,二元/one-hot 列同样按每 1 SD 计，不是 0→1
ridge,MechVent_mean,MechVent,0.0,0.0,0.0,二元/one-hot 列同样按每 1 SD 计，不是 0→1
