,1,2,3,4
Age,0.23571060358011897,0.09276063399269077,-0.19504345943454274,-0.008973376470699217
Gender,0.1063162221002847,0.09095590002300877,-0.10491245920838724,-0.0693774145537778
InitialWeight,0.14318341686277988,0.12629141614298564,-0.11808330096185025,-0.07147422421462647
GCS_min,0.3365247217144763,-0.8079523415141943,-0.5433459698915112,1.0085156913508204
HR_mean,-0.12584409316109896,0.1474375412205874,-0.023572239045378543,-0.11528386373253892
Temp_mean,-0.4746693829092465,0.06033058876982361,0.3797666000705249,-0.20139837658273266
BUN_mean,2.0736620103503736,-0.23121629323731568,-0.32377689532930976,-0.23830294837442512
Creatinine_mean,2.082180620535016,-0.21784466824581225,-0.3076330156237042,-0.2617784447228204
HCO3_min,-0.726046770320526,-0.11689626327076219,0.1059399960459377,0.26869491917550475
HCT_mean,-0.3558752137575155,-0.2074816480859573,0.13750584398393972,0.20164754369883978
Platelets_mean,0.008839069024536853,-0.21041031924297232,0.04853266854119773,0.14261883708857245
WBC_mean,0.2048356616044242,0.15209883129978075,-0.03844532529019699,-0.20567164069476018
Na_mean,-0.2277875611309655,0.003724181693643429,0.22309269337451193,-0.06527358679849528
K_mean,0.8745603598939085,0.3467521361377535,-0.40665735319537083,-0.3112892038599118
Glucose_mean,0.12639187171597951,-0.021256270512581003,0.07062461538043725,-0.06903218816492492
Mg_mean,0.642028960964488,0.15142077666177167,-0.28814310849257074,-0.15887334811423404
pH_min,-0.24560234951157736,-0.6876994849139697,0.6053003492501497,0.3008764176324085
PaO2_min,-0.13918648336965073,-0.2837429227002698,0.7138070665953206,-0.173997685106316
PaCO2_max,-0.29481497677408464,0.6117627233100266,-0.38512156004764386,-0.21026427251348667
FiO2_max,0.041635299841835054,0.2511629834150708,-0.9523284990263191,0.41378200984208563
MAP_min_combined,-0.28603446499210633,-0.46985847576221956,0.34321357506805983,0.3012833598567495
SysBP_min_combined,-0.10455558566066979,-0.6109182799943692,0.30768753038149793,0.3998578807415556
Urine_sum_24h,-0.6895236545499313,0.19923518152189296,0.12773598759921076,-0.0715456028164667
MechVent_documented_24h,-0.3060263756017109,0.7854264009180987,0.7721052655032844,-1.147329249794745
