feature,missing_rate,winsor_lower_1pct,winsor_upper_99pct
Age,0.0,20.0,90.0
Gender,0.001,0.0,1.0
InitialWeight,0.08341666666666667,43.22300041198731,162.0
GCS_min,0.017583333333333333,3.0,15.0
HR_mean,0.016583333333333332,54.2303734588623,127.9499983215332
Temp_mean,0.017,35.0,38.56190490722656
BUN_mean,0.023916666666666666,5.0,107.8083335876467
Creatinine_mean,0.023833333333333335,0.36666667461395264,8.205499830245955
HCO3_min,0.030333333333333334,10.0,35.0
HCT_mean,0.026333333333333334,22.298999786376953,45.01499977111817
Platelets_mean,0.0315,37.567499999999995,582.8649999999998
WBC_mean,0.035,2.233000016212463,35.333998756408704
Na_mean,0.035666666666666666,127.32000213623047,150.5
K_mean,0.050333333333333334,3.014750056266785,5.849999904632568
Glucose_mean,0.06266666666666666,67.0,323.3299999999997
Mg_mean,0.07083333333333333,1.2999999523162842,3.200000047683716
pH_min,0.286,7.039999961853027,7.5
PaO2_min,0.29075,36.0,299.3199999999997
PaCO2_max,0.2901666666666667,26.0,86.52999999999975
FiO2_max,0.3700833333333333,0.3499999940395355,1.0
MAP_min_combined,0.018833333333333334,26.465999984741213,90.0
SysBP_min_combined,0.025833333333333333,51.0,139.0
Urine_sum_24h,0.02925,48.00000099182129,7179.99998046875
MechVent_documented_24h,0.0,0.0,1.0
