,PC1,PC2,PC3,PC4,PC5,PC6,PC7,PC8,PC9,PC10,PC11,PC12,PC13,PC14
Age,-0.11571191725735369,0.2264337492012893,-0.3203483589599884,0.23573475496505056,-0.14430693624830065,0.23018587839376983,0.027475778262301905,0.0997343658352795,0.12057753762505106,-0.08298421321497215,0.1351410287652371,0.2475921257028481,-0.18189854485399196,0.2885413593586425
Gender,-0.04041738277798997,-0.003059849953046483,0.3074608618956921,-0.02308798418584738,-0.21671050220530663,-0.20146529211887487,-0.4156168277015053,0.21334895816859983,0.23501508512697036,0.08258907098788046,-0.1425128941917561,0.04443238071845183,-0.09419390070170554,0.11101723324207476
InitialWeight,-0.05926744282694266,-0.028340271827721652,0.43962556924874974,-0.05080949916463057,-0.09937103412803319,-0.06506568821947448,-0.24001100092997607,0.03490563496659137,0.3437388398245907,-0.14912642935988,0.09082250725913286,-0.1277880173664588,-0.12097994578853254,0.08868052198417808
GCS_min,0.29258897143537144,0.3924010408081784,0.0755407256247633,0.10764944753303946,0.27738412988739575,-0.06975052553104426,-0.00023994839146668462,-0.08123615678025724,0.11723025316460713,-0.06838516410959163,-0.056511989142071034,-0.11783802965676454,0.07994983515680841,-0.139386077104969
HR_mean,-0.07125812567185226,-0.1834996377545381,0.12469574334671123,-0.2643216596103431,0.3643061929392668,-0.10135976785434828,0.16783943534520007,-0.3101923471125957,0.06879098124153109,0.08075731773386523,0.06344235163366806,0.2207063537051126,0.2164699576745217,-0.16557316709728517
Temp_mean,0.040647499508080165,-0.27917155983330755,0.09027361507626772,-0.2395724235890656,0.062420266985798445,0.007802508226618506,-0.055495369016876385,-0.3929992203090896,0.29818853098831183,-0.011536283610757014,0.11113246371661188,0.2284921598031013,0.16908658823182973,0.28013419824191194
BUN_mean,-0.2559251448074444,0.40676354705679757,0.06075435989040876,-0.19918318117776124,-0.16301221779781103,0.012059783313463579,0.12923464478904825,-0.0786272969246836,0.18155121364987387,0.08245894258131725,0.06810858226581612,-0.15932502097074852,0.017597484585378315,-0.0812084517107649
Creatinine_mean,-0.2368259574924807,0.35851350319686465,0.1362597647257614,-0.2718685832440288,-0.1630745441700037,-0.07986659322289542,0.08746154886856167,-0.11136876538763213,0.07578799522114948,0.04386754056692322,-0.08560949857706357,-0.22346569314276027,0.09786785640247683,-0.011808051078159383
HCO3_min,0.23123248475382607,-0.054829740633008,0.117281929886385,0.4111776187675306,-0.21038874127134546,0.28444589161175593,-0.11248066979243895,-0.29544534500051683,0.18594934618580317,-0.09081574826345669,0.1256009924097979,-0.08963963843432438,0.16867898894809738,-0.021584124099371514
HCT_mean,0.12729384606248512,-0.011567152579577182,0.24711128534969176,-0.012185346506460798,0.060526726888756745,0.26910585491812405,-0.10499194202300206,0.445450899033242,0.0518672505878489,0.005448049301970625,-0.3900422956044506,0.3850858469335373,0.2901634033557025,-0.24300849027517837
Platelets_mean,0.05655079339475203,0.04581854393575921,0.05730595774938926,-0.09385048796854466,0.2933550834449068,0.5467477207146157,-0.18464560024012197,-0.07344237992711027,-0.08354574939874268,0.07644059761416369,0.018299054892904343,-0.34686216098113304,0.0025549865274708374,-0.002316860707614575
WBC_mean,-0.14691613451994018,-0.021280076161785764,0.06280722582187648,-0.2202482563759457,0.27626716833575693,0.43343559031786943,-0.14898058001123787,0.08859069798861141,-0.02289286495868639,0.2930454921996637,-0.003322836618084531,-0.06733665685366474,-0.2933022998884054,0.2317638256306209
Na_mean,0.03689006459710468,-0.11360338821461274,-0.007408515727373618,0.04849185285702929,-0.13119429907102698,0.09740666332413843,0.47619462955360853,0.21356116211226123,0.4324553327744876,0.4807761650374603,-0.029118580609825428,-0.14427048889782673,0.1382992840366759,0.04983697449638264
K_mean,-0.29725627019394263,0.13256420481588216,0.19416608654887282,-0.014882037395447802,-0.09509243813052713,0.0348544515910265,-0.2002590481540843,-0.16599998055102394,-0.3470044174138586,-0.0977862407874438,-0.01722274212326424,0.05993803136914197,0.12268465478658376,-0.003051501830872221
Glucose_mean,-0.07143606825652268,0.030395997084943057,0.04767243584373454,-0.2055972624559677,0.10298044177769689,0.13677495612184984,0.11933188952731007,0.40988531960775976,0.13432446628019284,-0.46151539929113206,0.626910117643474,0.05223672921251279,0.13275952015445505,-0.11852805057066544
Mg_mean,-0.14839658460471836,0.18637365286774848,0.05628971658576167,0.07775682362658946,-0.24765409418549056,0.17743286170809988,-0.10091515020618669,-0.1281660908981092,-0.13510177437792217,0.43033619215074403,0.31020199486616745,0.3770467120966364,0.13339016575747134,-0.3536854982783149
pH_min,0.3602626652068646,0.08716467823628586,-0.25625179256771785,-0.152287421996662,-0.15455303860553002,0.0854859809603653,-0.31762693795462327,-0.18704640153821991,0.2461754934725497,0.03854728927269073,0.13446228082037284,0.10002812963440283,-0.05441756250405274,-0.07367808284253274
PaO2_min,0.11951295768779109,-0.08549773293662875,-0.25671641718858207,-0.23078332245098385,-0.24762636276148967,0.02017110340013842,-0.19954919860097112,0.14380631711686181,-0.18066978437639028,0.01944312585178091,-0.0065785886182731165,-0.336029312763696,0.6366141980125369,0.16356185637160672
PaCO2_max,-0.19099824811532673,-0.15553620976861612,0.34856324681840134,0.4350605912595134,-0.03079877490328646,0.17512651572688145,0.20717804018135882,-0.11104485541829029,-0.0673877587341115,-0.13060571528179216,0.021886687674564434,-0.17333191070692378,0.17064170785121202,0.061396064798612406
FiO2_max,-0.004885883635069202,0.14926794199877308,0.10433277972522864,0.22671219841018822,0.27767881648401643,-0.27605657396636846,-0.14463595638084933,0.15921216906073865,-0.125520565967434,0.3283512711226512,0.32766223665286853,0.10241195122084162,0.24014981513737962,0.500914492313689
MAP_min_combined,0.3630771926545458,0.017977851728236315,0.3043498570326005,-0.21534717284974295,-0.19749250930402631,0.04341417256284128,0.21876608619181898,0.018114469527553436,-0.2982383395244955,0.03229878882913149,0.05860526925162224,0.13287804859267874,-0.11645426753616506,0.1562310111706028
SysBP_min_combined,0.38583636618205147,0.10426730804688057,0.24998492814894274,-0.16276566932556027,-0.23160081048307385,0.07846722737562668,0.2575649350425935,-0.03291907974341093,-0.23574308855066348,-0.016022349510762392,0.08438744864580142,0.018171373182535908,-0.14456858724148877,0.189901826553872
Urine_sum_24h,0.11708097798677247,-0.28442193523838216,0.08537412206320114,0.0630891898451736,-0.012840265308134107,-0.20155880838151513,-0.152618908051493,0.12642554377232507,-0.11752466679856402,0.27607947118059084,0.3555299284390115,-0.310244115743425,-0.21756967299373306,-0.3974570699040844
MechVent_documented_24h,-0.28506368095402584,-0.40377993358878056,-0.07941801617436237,-0.132215118787796,-0.3017409192331256,0.1272399837457074,-0.0028613356829753217,0.01303407230237344,-0.07487575236477069,-0.029207110554619078,0.008867720934005754,0.045846642115358084,-0.08106119587660457,0.0657233006416868
