component,explained_variance_ratio,cumulative_explained_variance
1,0.11661205116095064,0.11661205116095064
2,0.10522166828236892,0.22183371944331956
3,0.07591873176636658,0.29775245120968613
4,0.0694748422250806,0.36722729343476673
5,0.0644371051123307,0.4316643985470974
6,0.058046799871424165,0.4897111984185216
7,0.04900294127010696,0.5387141396886286
8,0.047630947649389924,0.5863450873380185
9,0.04423603598542497,0.6305811233234435
10,0.04178628555850179,0.6723674088819453
11,0.03764443840036231,0.7100118472823077
12,0.035207635186417674,0.7452194824687254
13,0.03335305391821129,0.7785725363869367
14,0.03212446308333606,0.8106969994702727
