readout,subgroup,n,mae_days,rmse_days,median_ae_days,r2,spearman,true_sum_bed_days,predicted_sum_bed_days,sum_bias_percent
individual_direct,survived_to_discharge,1514,6.3546330296514855,12.046853372162085,3.450827867115758,0.09512436423142456,0.5628548256569299,17809.0,12753.604142578766,-28.38674747274543
individual_direct,in_hospital_death,261,8.56612611429643,13.499701116019356,5.470262877330951,0.037572942440529555,0.30848960330865666,3019.0,2742.418309139407,-9.161367699920271
individual_direct,long_stay_total_LOS_25+,223,25.699582148528854,31.945720475404645,20.28904553914031,-1.8863309472720302,0.08185551638095136,8348.0,2616.993180878066,-68.65125561957277
individual_direct,ICUType_1,243,5.605618668389622,10.471474334378339,3.0953084295205304,0.07931344298457221,0.5378883122606508,2402.0,1690.514116152769,-29.62056135916865
individual_direct,ICUType_2,406,5.000310843664114,8.03918782422839,2.953861019645388,0.1498901992060918,0.5140788298696505,4072.0,3310.9738172032885,-18.689248104044978
individual_direct,ICUType_3,664,7.78826752234475,14.902885355447482,4.133476716662778,0.05732512104457077,0.5012474043002925,8315.0,5633.240107521851,-32.25207327093384
individual_direct,ICUType_4,462,7.127645344027044,12.036256916731292,4.522106515378887,0.08005013298311459,0.4603731011712256,6039.0,4861.294410840264,-19.501665659210722
cohort_smeared,survived_to_discharge,1514,6.713447588198301,11.68086813467845,4.37603617210104,0.1492697248185435,0.5368408856453195,17809.0,16867.898922090568,-5.284412813237308
cohort_smeared,in_hospital_death,261,10.188157584808716,14.269414935414625,8.240818197560122,-0.07530546071510646,0.30860384657440454,3019.0,3812.9398104477395,26.29810567895792
cohort_smeared,long_stay_total_LOS_25+,223,22.232184038816907,29.49684837278144,17.304043428583633,-1.4607754354000622,0.019214620033121615,8348.0,3423.261122009135,-58.993038787624165
cohort_smeared,ICUType_1,243,5.709735250782071,9.818361993427747,3.5859716348920525,0.19057946736336417,0.5585277507235135,2402.0,2241.7632144303775,-6.670973587411428
cohort_smeared,ICUType_2,406,5.514066461151086,7.778333495980629,4.229929037481482,0.20416361404722305,0.5134478446123771,4072.0,4428.78713799561,8.761963113841098
cohort_smeared,ICUType_3,664,8.237370199323536,14.64240759738464,4.940118530189684,0.0899899327123358,0.4674034539594773,8315.0,7461.564412242105,-10.2638074294395
cohort_smeared,ICUType_4,462,8.06813488452184,12.253378397472671,5.8574109397717145,0.04656091171710042,0.4005728162056976,6039.0,6548.7239678702135,8.440535980629468
