method,calibration_bin,n,mean_predicted_probability,observed_event_rate
uncalibrated,1,180,0.008960644901446334,0.0
uncalibrated,2,180,0.014229367293897205,0.011111111111111112
uncalibrated,3,180,0.019962144592146767,0.016666666666666666
uncalibrated,4,180,0.029220225951265652,0.022222222222222223
uncalibrated,5,180,0.043531957082297505,0.06666666666666667
uncalibrated,6,180,0.06845193537006511,0.06111111111111111
uncalibrated,7,180,0.10777272425433336,0.1
uncalibrated,8,180,0.1841019648603454,0.2
uncalibrated,9,180,0.3153918658234982,0.38333333333333336
uncalibrated,10,180,0.5961542584634183,0.5611111111111111
platt,1,180,0.006581821362114452,0.0
platt,2,180,0.010888850889377542,0.011111111111111112
platt,3,180,0.01576208084634951,0.016666666666666666
platt,4,180,0.023915071724610347,0.022222222222222223
platt,5,180,0.03700479929565069,0.06666666666666667
platt,6,180,0.060816647173701235,0.06111111111111111
platt,7,180,0.10009290441300224,0.1
platt,8,180,0.18011769689120846,0.2
platt,9,180,0.3230543617158028,0.38333333333333336
platt,10,180,0.6251765359420394,0.5611111111111111
isotonic,1,599,0.003927714991313076,0.01335559265442404
isotonic,2,207,0.024436599788492188,0.01932367149758454
isotonic,3,137,0.04555346640001617,0.08029197080291971
isotonic,4,199,0.07716597514259231,0.07537688442211055
isotonic,5,118,0.10278461973458691,0.1016949152542373
isotonic,6,256,0.24120868512283544,0.25390625
isotonic,7,167,0.3606843262402383,0.3532934131736527
isotonic,8,117,0.7342421721787478,0.7008547008547008
