model,horizon_hours,calibration_bin,n,mean_predicted_probability,observed_event_rate
hist_gradient_boosting,6,1,180,0.016808164699304233,0.005555555555555556
hist_gradient_boosting,6,2,180,0.027650432962752443,0.005555555555555556
hist_gradient_boosting,6,3,180,0.04108176394785694,0.027777777777777776
hist_gradient_boosting,6,4,180,0.05789304436180104,0.03333333333333333
hist_gradient_boosting,6,5,180,0.07946119206577736,0.1
hist_gradient_boosting,6,6,180,0.10504556632719164,0.10555555555555556
hist_gradient_boosting,6,7,180,0.13993814923952486,0.2111111111111111
hist_gradient_boosting,6,8,180,0.18998040088142487,0.18888888888888888
hist_gradient_boosting,6,9,180,0.2640303851123877,0.32222222222222224
hist_gradient_boosting,6,10,180,0.446365108524909,0.4222222222222222
hist_gradient_boosting,12,1,180,0.0221322424431536,0.011111111111111112
hist_gradient_boosting,12,2,180,0.03263697630977783,0.005555555555555556
hist_gradient_boosting,12,3,180,0.04509694118150532,0.005555555555555556
hist_gradient_boosting,12,4,180,0.06063782501531258,0.03888888888888889
hist_gradient_boosting,12,5,180,0.08033199180130006,0.05555555555555555
hist_gradient_boosting,12,6,180,0.1070680049918523,0.15555555555555556
hist_gradient_boosting,12,7,180,0.14269562838080402,0.12222222222222222
hist_gradient_boosting,12,8,180,0.18908771933339177,0.2222222222222222
hist_gradient_boosting,12,9,180,0.2601259846229676,0.3388888888888889
hist_gradient_boosting,12,10,180,0.4388573015397403,0.4666666666666667
hist_gradient_boosting,24,1,180,0.010216747468778136,0.0
hist_gradient_boosting,24,2,180,0.017107626951771496,0.005555555555555556
hist_gradient_boosting,24,3,180,0.026414778456732593,0.011111111111111112
hist_gradient_boosting,24,4,180,0.038994308664037726,0.022222222222222223
hist_gradient_boosting,24,5,180,0.058818170425990815,0.05
hist_gradient_boosting,24,6,180,0.088266850690444,0.1111111111111111
hist_gradient_boosting,24,7,180,0.1238028095723155,0.15
hist_gradient_boosting,24,8,180,0.18403616526849403,0.23333333333333334
hist_gradient_boosting,24,9,180,0.2780843045291285,0.3611111111111111
hist_gradient_boosting,24,10,180,0.5095405782599817,0.4777777777777778
hist_gradient_boosting,48,1,180,0.008960644901446291,0.0
hist_gradient_boosting,48,2,180,0.014229367293897151,0.011111111111111112
hist_gradient_boosting,48,3,180,0.01996214459214672,0.016666666666666666
hist_gradient_boosting,48,4,180,0.029220225951265603,0.022222222222222223
hist_gradient_boosting,48,5,180,0.04353195708229746,0.06666666666666667
hist_gradient_boosting,48,6,180,0.06845193537006505,0.06111111111111111
hist_gradient_boosting,48,7,180,0.10777272425433332,0.1
hist_gradient_boosting,48,8,180,0.1841019648603454,0.2
hist_gradient_boosting,48,9,180,0.31539186582349815,0.38333333333333336
hist_gradient_boosting,48,10,180,0.5961542584634183,0.5611111111111111
logistic,6,1,180,0.0060739879025698724,0.022222222222222223
logistic,6,2,180,0.017032482356090506,0.016666666666666666
logistic,6,3,180,0.030052305468977553,0.03888888888888889
logistic,6,4,180,0.047248910353270154,0.03888888888888889
logistic,6,5,180,0.06827891635645346,0.1388888888888889
logistic,6,6,180,0.09704411609983755,0.11666666666666667
logistic,6,7,180,0.1362864745485597,0.17777777777777778
logistic,6,8,180,0.18987460855661614,0.17777777777777778
logistic,6,9,180,0.2769744941941896,0.25555555555555554
logistic,6,10,180,0.5263662619732425,0.4388888888888889
logistic,12,1,180,0.0028124208688413014,0.016666666666666666
logistic,12,2,180,0.010951162591155087,0.022222222222222223
logistic,12,3,180,0.02177232178906923,0.05
logistic,12,4,180,0.037246610371824404,0.03888888888888889
logistic,12,5,180,0.058545865580296404,0.06111111111111111
logistic,12,6,180,0.08938223957206723,0.1
logistic,12,7,180,0.1307816653396983,0.13333333333333333
logistic,12,8,180,0.19763672533459906,0.2777777777777778
logistic,12,9,180,0.2982961764714277,0.2833333333333333
logistic,12,10,180,0.5547040580901169,0.4388888888888889
logistic,24,1,180,0.002845298048419091,0.005555555555555556
logistic,24,2,180,0.008628251075151885,0.027777777777777776
logistic,24,3,180,0.017175543517364333,0.022222222222222223
logistic,24,4,180,0.02868660699635102,0.027777777777777776
logistic,24,5,180,0.04730390466165465,0.05555555555555555
logistic,24,6,180,0.07525962221697594,0.05
logistic,24,7,180,0.1185222793987739,0.16111111111111112
logistic,24,8,180,0.19218531935646965,0.24444444444444444
logistic,24,9,180,0.32086075644000034,0.32222222222222224
logistic,24,10,180,0.6391687834923484,0.5055555555555555
logistic,48,1,180,0.001957476970656761,0.0
logistic,48,2,180,0.005464462358483129,0.016666666666666666
logistic,48,3,180,0.010393148275573942,0.022222222222222223
logistic,48,4,180,0.01867278755495137,0.027777777777777776
logistic,48,5,180,0.03329863374442878,0.03888888888888889
logistic,48,6,180,0.056804468187484955,0.1
logistic,48,7,180,0.09926029207420564,0.1
logistic,48,8,180,0.17804425721221587,0.2
logistic,48,9,180,0.3487868665791321,0.35555555555555557
logistic,48,10,180,0.7170954440475954,0.5611111111111111
