stage,model,preprocess,fold,fit_seconds,n,prevalence,auroc,auprc,brier,log_loss
24h_train_cv,logistic,raw_median,1,0.24511389998951927,1680,0.14226190476190476,0.7985592292660546,0.41296429048442196,0.10538818687200546,0.35688382387161255
24h_train_cv,logistic,raw_median,2,0.2598885999759659,1680,0.14226190476190476,0.8153711247709778,0.41288080930760374,0.10269314050674438,0.3448144793510437
24h_train_cv,logistic,raw_median,3,0.2602098000352271,1680,0.14226190476190476,0.7981469168028944,0.43292699304397253,0.10320720076560974,0.34316694736480713
24h_train_cv,logistic,raw_median,4,0.27062030002707615,1680,0.14226190476190476,0.8084169814662644,0.4328801580580605,0.10138184577226639,0.3481386601924896
24h_train_cv,logistic,raw_median,5,0.25263370003085583,1680,0.14226190476190476,0.8111783135258813,0.41368729445618696,0.10304808616638184,0.34129661321640015
24h_train_cv,logistic,raw_median_indicator,1,0.5005390999722295,1680,0.14226190476190476,0.7926474815548245,0.4057209809665401,0.10696060210466385,0.36515241861343384
24h_train_cv,logistic,raw_median_indicator,2,0.47886589996051043,1680,0.14226190476190476,0.8173339643843333,0.41379190042301545,0.10263541340827942,0.3486912250518799
24h_train_cv,logistic,raw_median_indicator,3,0.5012939999578521,1680,0.14226190476190476,0.8023223063946179,0.4168055718142144,0.1049535945057869,0.34842100739479065
24h_train_cv,logistic,raw_median_indicator,4,0.48925749998306856,1680,0.14226190476190476,0.8090935223389151,0.43118021268300444,0.10161558538675308,0.35255080461502075
24h_train_cv,logistic,raw_median_indicator,5,0.5031575000029989,1680,0.14226190476190476,0.8111289521746579,0.4030086899874154,0.10566476732492447,0.34783849120140076
24h_train_cv,logistic,raw_mean_indicator,1,0.44222310004988685,1680,0.14226190476190476,0.7926881320793614,0.40558195875369224,0.1069880872964859,0.3651537299156189
24h_train_cv,logistic,raw_mean_indicator,2,0.4124334999942221,1680,0.14226190476190476,0.8173717112999748,0.4138791961549181,0.10262081772089005,0.34866222739219666
24h_train_cv,logistic,raw_mean_indicator,3,0.41049520001979545,1680,0.14226190476190476,0.8021538970786792,0.4168230402011618,0.10494048148393631,0.34851670265197754
24h_train_cv,logistic,raw_mean_indicator,4,0.4127548999967985,1680,0.14226190476190476,0.8088554264094844,0.43140402187344107,0.10166724026203156,0.35307198762893677
24h_train_cv,logistic,raw_mean_indicator,5,0.40987909998511896,1680,0.14226190476190476,0.8110534583433749,0.4026782711919266,0.10560913383960724,0.3476804494857788
24h_train_cv,logistic,raw_winsor_median_indicator,1,1.0960342999896966,1680,0.14226190476190476,0.801088272614032,0.41015685692402803,0.10726899300760884,0.3548562991750979
24h_train_cv,logistic,raw_winsor_median_indicator,2,1.0724448999972083,1680,0.14226190476190476,0.8093693651839872,0.4425499421671649,0.1008824303304628,0.34114080407245295
24h_train_cv,logistic,raw_winsor_median_indicator,3,1.0620246999897063,1680,0.14226190476190476,0.8027520405111515,0.4314185445882204,0.1041897684948075,0.3465294551761643
24h_train_cv,logistic,raw_winsor_median_indicator,4,1.126859300013166,1680,0.14226190476190476,0.8176969154962703,0.43563353758688395,0.101296429020144,0.33359362683724064
24h_train_cv,logistic,raw_winsor_median_indicator,5,0.9844347999896854,1680,0.14226190476190476,0.8139890069367217,0.4183284751893943,0.10419098370566157,0.3430809630800923
24h_train_cv,logistic,clean_median_indicator,1,0.49450460000662133,1680,0.14226190476190476,0.7980627121449249,0.405024231895734,0.10710011422634125,0.3624099791049957
24h_train_cv,logistic,clean_median_indicator,2,0.4857264999882318,1680,0.14226190476190476,0.8136521883048442,0.4305750977993663,0.10116273909807205,0.34181874990463257
24h_train_cv,logistic,clean_median_indicator,3,0.5097550000064075,1680,0.14226190476190476,0.8051997828100547,0.42812920606050264,0.10286425054073334,0.34466552734375
24h_train_cv,logistic,clean_median_indicator,4,0.48097380000399426,1680,0.14226190476190476,0.8055307942241411,0.4174473344092726,0.1038522720336914,0.35482925176620483
24h_train_cv,logistic,clean_median_indicator,5,0.4891895999899134,1680,0.14226190476190476,0.8170290854503062,0.40653400806407536,0.10506480932235718,0.345675528049469
24h_train_cv,logistic,clean_winsor_median_indicator,1,1.043929899984505,1680,0.14226190476190476,0.802972714787209,0.40550471803173577,0.10750166021950583,0.35337518764523956
24h_train_cv,logistic,clean_winsor_median_indicator,2,1.0477103000157513,1680,0.14226190476190476,0.8074645977485417,0.441355253325308,0.10092081962815495,0.3429642085412161
24h_train_cv,logistic,clean_winsor_median_indicator,3,0.9846018999814987,1680,0.14226190476190476,0.8059256850339287,0.44152968804748144,0.10302814805519635,0.34232637157679024
24h_train_cv,logistic,clean_winsor_median_indicator,4,0.9922890999587253,1680,0.14226190476190476,0.8155801846114535,0.43225449380328207,0.10230271850797322,0.33587031141686563
24h_train_cv,logistic,clean_winsor_median_indicator,5,1.0268631000071764,1680,0.14226190476190476,0.8175894819671369,0.4201866280699379,0.10349507296916732,0.3394316724580509
24h_train_cv,hist_gradient_boosting,raw_median,1,1.3500095999916084,1680,0.14226190476190476,0.8303421322361563,0.42133889394587376,0.0993986521808479,0.32030662173600183
24h_train_cv,hist_gradient_boosting,raw_median,2,1.1441309000365436,1680,0.14226190476190476,0.8392678259809118,0.5034118837005265,0.09436902311656643,0.3094254552593858
24h_train_cv,hist_gradient_boosting,raw_median,3,1.5506603000103496,1680,0.14226190476190476,0.8306353967346014,0.4853636328034784,0.09536742254117328,0.3135467202994686
24h_train_cv,hist_gradient_boosting,raw_median,4,1.2212331999908201,1680,0.14226190476190476,0.8524269814953005,0.4857111968877746,0.09392065576407573,0.30459513695368096
24h_train_cv,hist_gradient_boosting,raw_median,5,1.471088399994187,1680,0.14226190476190476,0.8245044265517611,0.4403120997793529,0.09871048144994668,0.3204766736769395
24h_train_cv,hist_gradient_boosting,raw_median_indicator,1,2.2104876000084914,1680,0.14226190476190476,0.8303421322361563,0.42133889394587376,0.0993986521808479,0.32030662173600183
24h_train_cv,hist_gradient_boosting,raw_median_indicator,2,1.852649200009182,1680,0.14226190476190476,0.8392678259809118,0.5034118837005265,0.09436902311656643,0.3094254552593858
24h_train_cv,hist_gradient_boosting,raw_median_indicator,3,2.5161975999944843,1680,0.14226190476190476,0.8306353967346014,0.4853636328034784,0.09536742254117328,0.3135467202994686
24h_train_cv,hist_gradient_boosting,raw_median_indicator,4,2.0159003000007942,1680,0.14226190476190476,0.8524269814953005,0.4857111968877746,0.09392065576407573,0.30459513695368096
24h_train_cv,hist_gradient_boosting,raw_median_indicator,5,2.403953699977137,1680,0.14226190476190476,0.8245044265517611,0.4403120997793529,0.09871048144994668,0.3204766736769395
24h_train_cv,hist_gradient_boosting,raw_mean_indicator,1,1.955589500023052,1680,0.14226190476190476,0.8371394806605129,0.4389883676509488,0.09809782072607266,0.3155230229298102
24h_train_cv,hist_gradient_boosting,raw_mean_indicator,2,2.018864899990149,1680,0.14226190476190476,0.8369042883399778,0.49821676362790657,0.0944968931392952,0.31008873729784353
24h_train_cv,hist_gradient_boosting,raw_mean_indicator,3,1.933558200020343,1680,0.14226190476190476,0.8329698982865804,0.48115636719200416,0.09494477957344927,0.31207336236404426
24h_train_cv,hist_gradient_boosting,raw_mean_indicator,4,1.5781248999992386,1680,0.14226190476190476,0.8537132802360055,0.49679566102058553,0.0939428899353879,0.3056569355890728
24h_train_cv,hist_gradient_boosting,raw_mean_indicator,5,2.36337590002222,1680,0.14226190476190476,0.8240427527373773,0.43357358692847214,0.09925951019174817,0.32131492558113517
24h_train_cv,hist_gradient_boosting,raw_native_missing,1,1.359667000011541,1680,0.14226190476190476,0.8346685094904457,0.44923914266920567,0.0970293010425759,0.31487778255516546
24h_train_cv,hist_gradient_boosting,raw_native_missing,2,1.3041213999968022,1680,0.14226190476190476,0.8353682792342603,0.4817049054055797,0.09545580610624775,0.3117846358916351
24h_train_cv,hist_gradient_boosting,raw_native_missing,3,1.7363165999995545,1680,0.14226190476190476,0.8341923176315843,0.48267965260473644,0.09524804637869615,0.3119204170079882
24h_train_cv,hist_gradient_boosting,raw_native_missing,4,1.1491790000000037,1680,0.14226190476190476,0.8535216420489026,0.4920130509975196,0.09393562122645464,0.304794542299362
24h_train_cv,hist_gradient_boosting,raw_native_missing,5,1.6548669000039808,1680,0.14226190476190476,0.8264353264672661,0.4286066198869818,0.09957649539407429,0.32128272031933025
24h_train_cv,hist_gradient_boosting,raw_winsor_median_indicator,1,2.4034367999993265,1680,0.14226190476190476,0.8309664081486879,0.42191732438786,0.09936876646142632,0.3197446796842648
24h_train_cv,hist_gradient_boosting,raw_winsor_median_indicator,2,2.900185699982103,1680,0.14226190476190476,0.8412800269454906,0.5059635558008794,0.0934649088434557,0.30587119757193415
24h_train_cv,hist_gradient_boosting,raw_winsor_median_indicator,3,2.3881420000107028,1680,0.14226190476190476,0.8323194898939893,0.48483697747227467,0.09526481753451801,0.3125958775904612
24h_train_cv,hist_gradient_boosting,raw_winsor_median_indicator,4,2.33796740003163,1680,0.14226190476190476,0.8549879645411281,0.49493570683788746,0.0932784578490071,0.30245773462815717
24h_train_cv,hist_gradient_boosting,raw_winsor_median_indicator,5,2.5925496999989264,1680,0.14226190476190476,0.8212407701532233,0.4290603419400048,0.099468069102668,0.3229499173757814
24h_train_cv,hist_gradient_boosting,clean_median_indicator,1,1.8101479999604635,1680,0.14226190476190476,0.827122029971051,0.42325295332809376,0.0997894671053058,0.3220054239214068
24h_train_cv,hist_gradient_boosting,clean_median_indicator,2,2.0652578999870457,1680,0.14226190476190476,0.8429118551447594,0.49676373173065563,0.0939604684968285,0.30679198260310303
24h_train_cv,hist_gradient_boosting,clean_median_indicator,3,2.265880000020843,1680,0.14226190476190476,0.8360506273247019,0.4982299639713712,0.09437374297584497,0.3101091226286861
24h_train_cv,hist_gradient_boosting,clean_median_indicator,4,1.7942253000219353,1680,0.14226190476190476,0.8492997947148511,0.48826761378736633,0.09437734932308654,0.30679902240329116
24h_train_cv,hist_gradient_boosting,clean_median_indicator,5,2.707856699998956,1680,0.14226190476190476,0.8253667983937236,0.43088951075961845,0.0993483874276043,0.32149981199350475
24h_train_cv,hist_gradient_boosting,clean_winsor_median_indicator,1,2.169749299995601,1680,0.14226190476190476,0.831041901979971,0.42923269274589626,0.0989494483770319,0.3191612625406192
24h_train_cv,hist_gradient_boosting,clean_winsor_median_indicator,2,2.8140662999940105,1680,0.14226190476190476,0.8357689772618386,0.4894161541536234,0.09519377189520106,0.310570811445421
24h_train_cv,hist_gradient_boosting,clean_winsor_median_indicator,3,2.519008000032045,1680,0.14226190476190476,0.8321278517068865,0.48393581503282973,0.09510086860897242,0.3126019774643433
24h_train_cv,hist_gradient_boosting,clean_winsor_median_indicator,4,1.8455233999993652,1680,0.14226190476190476,0.8492417225369412,0.49059422198769886,0.09431764786814366,0.30722179788340015
24h_train_cv,hist_gradient_boosting,clean_winsor_median_indicator,5,2.534901400038507,1680,0.14226190476190476,0.8241734151376746,0.4316313873124054,0.09935688424699525,0.32150594769363916
