model,preprocess,folds,auroc_mean,auroc_sd,auprc_mean,auprc_sd,brier_mean,brier_sd,fit_seconds_total
hist_gradient_boosting,raw_mean_indicator,5,0.8369539400520907,0.010764336030092811,0.46974614928398345,0.0313326524466342,0.09614837871319064,0.0023727462715936267,9.849513400055002
hist_gradient_boosting,clean_median_indicator,5,0.8361502211098173,0.010203324708774891,0.4674807547154211,0.0371823804798987,0.09636988306573402,0.002929380812402149,10.643367899989244
hist_gradient_boosting,raw_winsor_median_indicator,5,0.8361589319365038,0.012698555551656936,0.46734278128778123,0.03901281187484953,0.09616900395821502,0.0030662375638647907,12.622281600022689
hist_gradient_boosting,raw_median,5,0.8354353525997462,0.010861272013299379,0.4672275414234012,0.03467736625708216,0.096353247010522,0.0025326636853249722,6.737122400023509
hist_gradient_boosting,raw_median_indicator,5,0.8354353525997462,0.010861272013299379,0.4672275414234012,0.03467736625708216,0.096353247010522,0.0025326636853249722,10.99918839999009
hist_gradient_boosting,raw_native_missing,5,0.8368372149744918,0.010005322695421466,0.4668486743128046,0.02681941303098507,0.09624905402960975,0.002160085724862097,7.204150900011882
hist_gradient_boosting,clean_winsor_median_indicator,5,0.8344707737246624,0.009262131235990328,0.46496205424649073,0.03163279649062726,0.09658372419926886,0.0023744998201358706,11.883248400059529
logistic,clean_winsor_median_indicator,5,0.809906532829654,0.0063463781156873015,0.428166156255549,0.0153823309336588,0.10344968387599954,0.0024652053081747403,5.095394299947657
logistic,raw_winsor_median_indicator,5,0.8089791201484327,0.007111490845213616,0.42761747129113836,0.013160952341929094,0.10356572091173695,0.002590576537967464,5.3417979999794625
logistic,raw_median,5,0.8063345131664145,0.007696609633096631,0.42106790907004915,0.01080899865430714,0.10314369201660156,0.0014455128715653086,1.2884663000586443
logistic,clean_median_indicator,5,0.8078949125868542,0.007518382194151945,0.4175419756457902,0.01183036280889194,0.10400883704423905,0.0022419821840533715,2.4601494999951683
logistic,raw_median_indicator,5,0.8065052453694698,0.009419044460607439,0.414101471174838,0.011094748942905833,0.10436599254608155,0.002197938491233088,2.4731139998766594
logistic,raw_mean_indicator,5,0.8064245250421749,0.00940882493671407,0.414073297635028,0.011290507360490611,0.10436515212059021,0.0021840166108031615,2.087785800045822
