model,preprocess,horizon_hours,training_population,evaluation_subset,threshold,n,prevalence,auroc,auprc,brier,log_loss,sensitivity,specificity,precision,f1
logistic,raw_winsor_median_indicator,6,all_official_labels,all_test,0.13165718646740257,1800,0.14222222222222222,0.7694351117227978,0.36038587925809135,0.10883002422013742,0.36040758601031875,0.68359375,0.6930051813471503,0.2696456086286595,0.3867403314917127
logistic,raw_winsor_median_indicator,6,all_official_labels,exclude_hard_rule_anomalies,0.13165718646740257,1782,0.13524130190796857,0.7728936052194377,0.34606194393978484,0.10499011012361156,0.3464236879956071,0.6887966804979253,0.6930564568462038,0.2597809076682316,0.37727272727272726
logistic,raw_winsor_median_indicator,6,all_official_labels,exclude_hard_and_death_gap_gt2,0.13165718646740257,1728,0.10821759259259259,0.7736451432676192,0.2956923295294064,0.090268339058621,0.30581123690810114,0.6951871657754011,0.6930564568462038,0.2155887230514096,0.3291139240506329
logistic,raw_winsor_median_indicator,6,all_official_labels,exclude_hard_and_death_gap_gt5,0.13165718646740257,1753,0.12093553907586994,0.7704014790689703,0.313721476697625,0.09754812683052087,0.3267247961434866,0.6839622641509434,0.6930564568462038,0.23462783171521034,0.3493975903614458
logistic,raw_winsor_median_indicator,6,all_official_labels,exclude_hard_and_death_gap_gt10,0.13165718646740257,1766,0.1274065685164213,0.7709683466724351,0.324792615820618,0.10114002687030174,0.33624965311242133,0.6888888888888889,0.6930564568462038,0.24681528662420382,0.3634232121922626
logistic,raw_winsor_median_indicator,6,exclude_hard_rule_anomalies,exclude_hard_rule_anomalies,0.12346469496434098,1782,0.13524130190796857,0.7712106973700863,0.3329485361098091,0.10556586728422154,0.35096767725459416,0.6929460580912863,0.6924075275794939,0.26053042121684866,0.3786848072562358
logistic,raw_winsor_median_indicator,6,exclude_hard_rule_anomalies,exclude_hard_and_death_gap_gt2,0.12346469496434098,1728,0.10821759259259259,0.7719135084863985,0.28178302090377966,0.09052949400696769,0.3090180979493173,0.6951871657754011,0.6924075275794939,0.2152317880794702,0.32869785082174463
logistic,raw_winsor_median_indicator,6,exclude_hard_rule_anomalies,exclude_hard_and_death_gap_gt5,0.12346469496434098,1753,0.12093553907586994,0.7694617560270834,0.3028177206371531,0.09781806290919107,0.33011256717366083,0.6933962264150944,0.6924075275794939,0.23671497584541062,0.35294117647058826
logistic,raw_winsor_median_indicator,6,exclude_hard_rule_anomalies,exclude_hard_and_death_gap_gt10,0.12346469496434098,1766,0.1274065685164213,0.7697598961713173,0.3145187153833442,0.10147016610740221,0.34007706276063726,0.6977777777777778,0.6924075275794939,0.24881141045958796,0.36682242990654207
logistic,raw_winsor_median_indicator,12,all_official_labels,all_test,0.1521327258543963,1800,0.14222222222222222,0.7952406492875647,0.38332382330526427,0.10569437417808103,0.34694251846490665,0.71484375,0.7545336787564767,0.32562277580071175,0.4474327628361858
logistic,raw_winsor_median_indicator,12,all_official_labels,exclude_hard_rule_anomalies,0.1521327258543963,1782,0.13524130190796857,0.799480856586632,0.37768953816902784,0.1015159018710536,0.3326851547727525,0.7178423236514523,0.754704737183647,0.3139745916515426,0.43686868686868685
logistic,raw_winsor_median_indicator,12,all_official_labels,exclude_hard_and_death_gap_gt2,0.1521327258543963,1728,0.10821759259259259,0.7930817893790753,0.3096302786987841,0.08916157598794491,0.29852379970445786,0.7005347593582888,0.754704737183647,0.25736738703339884,0.3764367816091954
logistic,raw_winsor_median_indicator,12,all_official_labels,exclude_hard_and_death_gap_gt5,0.1521327258543963,1753,0.12093553907586994,0.794023116574633,0.3314853263995754,0.09581087956232637,0.3167458123719498,0.7122641509433962,0.754704737183647,0.28544423440453687,0.407557354925776
logistic,raw_winsor_median_indicator,12,all_official_labels,exclude_hard_and_death_gap_gt10,0.1521327258543963,1766,0.1274065685164213,0.794543225899488,0.3479741592257938,0.09873319583890953,0.32548737509481257,0.72,0.754704737183647,0.3,0.4235294117647059
logistic,raw_winsor_median_indicator,12,exclude_hard_rule_anomalies,exclude_hard_rule_anomalies,0.08661911987060748,1782,0.13524130190796857,0.7947821778712427,0.374433745251418,0.10169541720786796,0.33598820439893995,0.8340248962655602,0.618429591174562,0.25475285171102663,0.39029126213592236
logistic,raw_winsor_median_indicator,12,exclude_hard_rule_anomalies,exclude_hard_and_death_gap_gt2,0.08661911987060748,1728,0.10821759259259259,0.7896011687667222,0.30651046952176697,0.08888660045240734,0.2994763495753527,0.8181818181818182,0.618429591174562,0.20647773279352227,0.3297413793103448
logistic,raw_winsor_median_indicator,12,exclude_hard_rule_anomalies,exclude_hard_and_death_gap_gt5,0.08661911987060748,1753,0.12093553907586994,0.7897591615344116,0.32866672668186436,0.09575262431844149,0.31878297797373234,0.8254716981132075,0.618429591174562,0.22935779816513763,0.358974358974359
logistic,raw_winsor_median_indicator,12,exclude_hard_rule_anomalies,exclude_hard_and_death_gap_gt10,0.08661911987060748,1766,0.1274065685164213,0.7899113130002162,0.34526597516349833,0.09878345057496456,0.328376491966064,0.8266666666666667,0.618429591174562,0.24031007751937986,0.37237237237237236
logistic,raw_winsor_median_indicator,24,all_official_labels,all_test,0.11008841512159816,1800,0.14222222222222222,0.8331849093264249,0.451351233418942,0.09975657349920208,0.32447212682727683,0.828125,0.7117875647668394,0.3226788432267884,0.4644030668127054
logistic,raw_winsor_median_indicator,24,all_official_labels,exclude_hard_rule_anomalies,0.11008841512159816,1782,0.13524130190796857,0.8329666838098879,0.4360220981520207,0.09691299083786496,0.31598038326647715,0.8298755186721992,0.7118754055807917,0.3105590062111801,0.4519774011299435
logistic,raw_winsor_median_indicator,24,all_official_labels,exclude_hard_and_death_gap_gt2,0.11008841512159816,1728,0.10821759259259259,0.8256254185940792,0.36261965183247863,0.08658238844950124,0.28722248714140847,0.8181818181818182,0.7118754055807917,0.2562814070351759,0.3903061224489796
logistic,raw_winsor_median_indicator,24,all_official_labels,exclude_hard_and_death_gap_gt5,0.11008841512159816,1753,0.12093553907586994,0.822931078814296,0.3801459150308076,0.09311035650415189,0.30593392458255814,0.8113207547169812,0.7118754055807917,0.2792207792207792,0.41545893719806765
logistic,raw_winsor_median_indicator,24,all_official_labels,exclude_hard_and_death_gap_gt10,0.11008841512159816,1766,0.1274065685164213,0.8287028624990986,0.4050016003758235,0.09479887201546952,0.3100279126471053,0.8222222222222222,0.7118754055807917,0.29411764705882354,0.4332552693208431
logistic,raw_winsor_median_indicator,24,exclude_hard_rule_anomalies,exclude_hard_rule_anomalies,0.09044061586326094,1782,0.13524130190796857,0.8312245376042394,0.4303516102815948,0.09723745533806144,0.3171423961632549,0.8630705394190872,0.6800778715120052,0.2967189728958631,0.4416135881104034
logistic,raw_winsor_median_indicator,24,exclude_hard_rule_anomalies,exclude_hard_and_death_gap_gt2,0.09044061586326094,1728,0.10821759259259259,0.8232413843361662,0.35347609231641297,0.08677904412369436,0.2878411420594236,0.8502673796791443,0.6800778715120052,0.24386503067484663,0.37902264600715135
logistic,raw_winsor_median_indicator,24,exclude_hard_rule_anomalies,exclude_hard_and_death_gap_gt5,0.09044061586326094,1753,0.12093553907586994,0.8208863394267383,0.37190756507254374,0.09343580341215874,0.30697654560429827,0.8490566037735849,0.6800778715120052,0.2674591381872214,0.4067796610169492
logistic,raw_winsor_median_indicator,24,exclude_hard_rule_anomalies,exclude_hard_and_death_gap_gt10,0.09044061586326094,1766,0.1274065685164213,0.8265484173336217,0.3975910503997049,0.09521367201193222,0.31135208591150304,0.8577777777777778,0.6800778715120052,0.2813411078717201,0.42371020856201974
logistic,raw_winsor_median_indicator,48,all_official_labels,all_test,0.10842143370263807,1800,0.14222222222222222,0.8574623542746114,0.5423170386531089,0.09158904316944694,0.30089418866055717,0.81640625,0.7493523316062176,0.35067114093959734,0.49061032863849763
logistic,raw_winsor_median_indicator,48,all_official_labels,exclude_hard_rule_anomalies,0.10842143370263807,1782,0.13524130190796857,0.854354423085726,0.5161501722564451,0.09028011025286062,0.29646479180738483,0.8091286307053942,0.7501622323166774,0.33620689655172414,0.47503045066991473
logistic,raw_winsor_median_indicator,48,all_official_labels,exclude_hard_and_death_gap_gt2,0.10842143370263807,1728,0.10821759259259259,0.8460996574902747,0.45283886993354716,0.0810869620159191,0.2701090843474612,0.786096256684492,0.7501622323166774,0.27631578947368424,0.4089012517385257
logistic,raw_winsor_median_indicator,48,all_official_labels,exclude_hard_and_death_gap_gt5,0.10842143370263807,1753,0.12093553907586994,0.8457752255947499,0.4717513834617703,0.08632706315304481,0.28634417760025727,0.7924528301886793,0.7501622323166774,0.3037974683544304,0.4392156862745098
logistic,raw_winsor_median_indicator,48,all_official_labels,exclude_hard_and_death_gap_gt10,0.10842143370263807,1766,0.1274065685164213,0.8505068858605525,0.4917627229895719,0.08802037959458506,0.29051715224966584,0.8044444444444444,0.7501622323166774,0.3197879858657244,0.45764854614412137
logistic,raw_winsor_median_indicator,48,exclude_hard_rule_anomalies,exclude_hard_rule_anomalies,0.09400903287305269,1782,0.13524130190796857,0.853710879124134,0.5123259716901155,0.09086671035249473,0.2975888994875103,0.8257261410788381,0.72809863724854,0.3220064724919094,0.46332945285215366
logistic,raw_winsor_median_indicator,48,exclude_hard_rule_anomalies,exclude_hard_and_death_gap_gt2,0.09400903287305269,1728,0.10821759259259259,0.845093296595377,0.44837067326389846,0.08150969907284479,0.2708224588835546,0.8074866310160428,0.72809863724854,0.2649122807017544,0.3989431968295905
logistic,raw_winsor_median_indicator,48,exclude_hard_rule_anomalies,exclude_hard_and_death_gap_gt5,0.09400903287305269,1753,0.12093553907586994,0.8452089429799322,0.4681010130029518,0.08676890693090106,0.2870653735398983,0.8113207547169812,0.72809863724854,0.2910321489001692,0.42839352428393523
logistic,raw_winsor_median_indicator,48,exclude_hard_rule_anomalies,exclude_hard_and_death_gap_gt10,0.09400903287305269,1766,0.1274065685164213,0.8497800850818371,0.48799368709330415,0.088584385201014,0.29152583197783766,0.8222222222222222,0.72809863724854,0.30629139072847683,0.44632086851628466
hist_gradient_boosting,raw_mean_indicator,6,all_official_labels,all_test,0.10276459380839724,1800,0.14222222222222222,0.8038728545984455,0.40698763907369345,0.10295848543015489,0.33351020000996484,0.84765625,0.6088082901554405,0.26431181485992694,0.40297121634168986
hist_gradient_boosting,raw_mean_indicator,6,all_official_labels,exclude_hard_rule_anomalies,0.10276459380839724,1782,0.13524130190796857,0.8034794456366912,0.39234843397966324,0.0994159134344236,0.32412821402197295,0.8464730290456431,0.609344581440623,0.2531017369727047,0.38968481375358166
hist_gradient_boosting,raw_mean_indicator,6,all_official_labels,exclude_hard_and_death_gap_gt2,0.10276459380839724,1728,0.10821759259259259,0.7953964194373401,0.33997459664058227,0.08524365458583862,0.28847084269653256,0.839572192513369,0.609344581440623,0.20685111989459815,0.33192389006342493
hist_gradient_boosting,raw_mean_indicator,6,all_official_labels,exclude_hard_and_death_gap_gt5,0.10276459380839724,1753,0.12093553907586994,0.8013847905672621,0.3639657385434711,0.0917898732178136,0.30471033679325554,0.8443396226415094,0.609344581440623,0.22919334186939821,0.3605236656596173
hist_gradient_boosting,raw_mean_indicator,6,all_official_labels,exclude_hard_and_death_gap_gt10,0.10276459380839724,1766,0.1274065685164213,0.8035359434710507,0.3715595105055079,0.09547909531146101,0.3136272707369725,0.8533333333333334,0.609344581440623,0.24181360201511334,0.37684003925417076
hist_gradient_boosting,raw_mean_indicator,6,exclude_hard_rule_anomalies,exclude_hard_rule_anomalies,0.12279017224360093,1782,0.13524130190796857,0.803803910270046,0.35927041971369644,0.10089693559591464,0.3273991997738821,0.8132780082987552,0.672939649578196,0.28,0.4165781083953241
hist_gradient_boosting,raw_mean_indicator,6,exclude_hard_rule_anomalies,exclude_hard_and_death_gap_gt2,0.12279017224360093,1728,0.10821759259259259,0.7974577241668893,0.30478271237928983,0.08603828624463042,0.2899377904320004,0.8021390374331551,0.672939649578196,0.22935779816513763,0.356718192627824
hist_gradient_boosting,raw_mean_indicator,6,exclude_hard_rule_anomalies,exclude_hard_and_death_gap_gt5,0.12279017224360093,1753,0.12093553907586994,0.8014000955027978,0.3281258576246055,0.09319199381730221,0.30772750187661496,0.8113207547169812,0.672939649578196,0.25443786982248523,0.38738738738738737
hist_gradient_boosting,raw_mean_indicator,6,exclude_hard_rule_anomalies,exclude_hard_and_death_gap_gt10,0.12279017224360093,1766,0.1274065685164213,0.8030168000576826,0.33735953905498833,0.09697663097141973,0.31700532929123953,0.8177777777777778,0.672939649578196,0.26744186046511625,0.40306681270536693
hist_gradient_boosting,raw_mean_indicator,12,all_official_labels,all_test,0.1648849481154999,1800,0.14222222222222222,0.825349639734456,0.42341326507389376,0.10049030688407116,0.3253752471304115,0.71484375,0.7746113989637305,0.3446327683615819,0.4650571791613723
hist_gradient_boosting,raw_mean_indicator,12,all_official_labels,exclude_hard_rule_anomalies,0.1648849481154999,1782,0.13524130190796857,0.8254057154243216,0.4129245062410413,0.09670536748328053,0.31562857590707644,0.7053941908713693,0.7748215444516547,0.3288201160541586,0.44854881266490765
hist_gradient_boosting,raw_mean_indicator,12,all_official_labels,exclude_hard_and_death_gap_gt2,0.1648849481154999,1728,0.10821759259259259,0.8186711177893375,0.3535525017084518,0.08307639682695045,0.2815263895719583,0.7112299465240641,0.7748215444516547,0.27708333333333335,0.3988005997001499
hist_gradient_boosting,raw_mean_indicator,12,all_official_labels,exclude_hard_and_death_gap_gt5,0.1648849481154999,1753,0.12093553907586994,0.8214648659899845,0.3818469892144092,0.08958106749543383,0.2979107365734659,0.7075471698113207,0.7748215444516547,0.30181086519114686,0.4231311706629055
hist_gradient_boosting,raw_mean_indicator,12,all_official_labels,exclude_hard_and_death_gap_gt10,0.1648849481154999,1766,0.1274065685164213,0.8231047660249478,0.3949472963032199,0.09291572585459541,0.3061651477132098,0.7066666666666667,0.7748215444516547,0.3142292490118577,0.43502051983584133
hist_gradient_boosting,raw_mean_indicator,12,exclude_hard_rule_anomalies,exclude_hard_rule_anomalies,0.14488837756121983,1782,0.13524130190796857,0.82180294630043,0.4164288447642983,0.09626135171017028,0.31422650567699506,0.7344398340248963,0.7605451005840363,0.3241758241758242,0.4498094027954257
hist_gradient_boosting,raw_mean_indicator,12,exclude_hard_rule_anomalies,exclude_hard_and_death_gap_gt2,0.14488837756121983,1728,0.10821759259259259,0.8122442889019214,0.34602548812389455,0.08317709286467255,0.2805959095069746,0.7272727272727273,0.7605451005840363,0.2693069306930693,0.3930635838150289
hist_gradient_boosting,raw_mean_indicator,12,exclude_hard_rule_anomalies,exclude_hard_and_death_gap_gt5,0.14488837756121983,1753,0.12093553907586994,0.816270370869198,0.37516970693732393,0.08975313555046441,0.29736343071858806,0.7311320754716981,0.7605451005840363,0.2958015267175573,0.421195652173913
hist_gradient_boosting,raw_mean_indicator,12,exclude_hard_rule_anomalies,exclude_hard_and_death_gap_gt10,0.14488837756121983,1766,0.1274065685164213,0.8189198932871874,0.3927590687500529,0.09278459567737074,0.3051485790061119,0.7333333333333333,0.7605451005840363,0.3089887640449438,0.43478260869565216
hist_gradient_boosting,raw_mean_indicator,24,all_official_labels,all_test,0.14009113372843926,1800,0.14222222222222222,0.84633308371114,0.46483622036412114,0.0965919496123296,0.3083603109500397,0.76953125,0.7623056994818653,0.34929078014184395,0.48048780487804876
hist_gradient_boosting,raw_mean_indicator,24,all_official_labels,exclude_hard_rule_anomalies,0.14009113372843926,1782,0.13524130190796857,0.842829870133367,0.44375450300140395,0.09406626419895227,0.3018648624297582,0.7634854771784232,0.763140817650876,0.33515482695810567,0.46582278481012657
hist_gradient_boosting,raw_mean_indicator,24,all_official_labels,exclude_hard_and_death_gap_gt2,0.14009113372843926,1728,0.10821759259259259,0.835265661925203,0.37872026466569364,0.08154588041094192,0.2698447528257413,0.7540106951871658,0.763140817650876,0.27865612648221344,0.4069264069264069
hist_gradient_boosting,raw_mean_indicator,24,all_official_labels,exclude_hard_and_death_gap_gt5,0.14009113372843926,1753,0.12093553907586994,0.8345995616666462,0.39966666975682946,0.08832589034207235,0.2877327768444862,0.7452830188679245,0.763140817650876,0.30210325047801145,0.42993197278911566
hist_gradient_boosting,raw_mean_indicator,24,all_official_labels,exclude_hard_and_death_gap_gt10,0.14009113372843926,1766,0.1274065685164213,0.8381570408825438,0.41872239207463546,0.09102535293767923,0.2944261313407151,0.7511111111111111,0.763140817650876,0.31647940074906367,0.4453227931488801
hist_gradient_boosting,raw_mean_indicator,24,exclude_hard_rule_anomalies,exclude_hard_rule_anomalies,0.14274790400520512,1782,0.13524130190796857,0.8381554252910084,0.43029505644665844,0.09482455734834422,0.30558433846725197,0.7551867219917012,0.7598961713173265,0.32971014492753625,0.45901639344262296
hist_gradient_boosting,raw_mean_indicator,24,exclude_hard_rule_anomalies,exclude_hard_and_death_gap_gt2,0.14274790400520512,1728,0.10821759259259259,0.8309695419669844,0.3670920668263196,0.08165356588732492,0.2722314573786553,0.732620320855615,0.7598961713173265,0.2702169625246548,0.39481268011527376
hist_gradient_boosting,raw_mean_indicator,24,exclude_hard_rule_anomalies,exclude_hard_and_death_gap_gt5,0.14274790400520512,1753,0.12093553907586994,0.8318079414249506,0.3886793353891428,0.08844589100227662,0.28970636758159435,0.7358490566037735,0.7598961713173265,0.2965779467680608,0.42276422764227645
hist_gradient_boosting,raw_mean_indicator,24,exclude_hard_rule_anomalies,exclude_hard_and_death_gap_gt10,0.14274790400520512,1766,0.1274065685164213,0.8337875838200304,0.40333771477884356,0.09161477706030281,0.29766252154795014,0.7422222222222222,0.7598961713173265,0.31098696461824954,0.43832020997375326
hist_gradient_boosting,raw_mean_indicator,48,all_official_labels,all_test,0.13349263491347943,1800,0.14222222222222222,0.8680249149935233,0.5674213936364639,0.08676675157375267,0.284452640248776,0.8046875,0.7843264248704663,0.3821892393320965,0.5182389937106918
hist_gradient_boosting,raw_mean_indicator,48,all_official_labels,exclude_hard_rule_anomalies,0.13349263491347943,1782,0.13524130190796857,0.8612018385431672,0.5263698891113159,0.08643420472153766,0.2831750003029593,0.7925311203319502,0.7845554834523037,0.3652007648183556,0.5
hist_gradient_boosting,raw_mean_indicator,48,all_official_labels,exclude_hard_and_death_gap_gt2,0.13349263491347943,1728,0.10821759259259259,0.8544177508181019,0.4587914440145185,0.07579389992187292,0.25454788457900396,0.7700534759358288,0.7845554834523037,0.3025210084033613,0.4343891402714932
hist_gradient_boosting,raw_mean_indicator,48,all_official_labels,exclude_hard_and_death_gap_gt5,0.13349263491347943,1753,0.12093553907586994,0.8556040551957194,0.48631711743665984,0.08118717662344412,0.2695736298058541,0.7783018867924528,0.7845554834523037,0.3319919517102616,0.46544428772919605
hist_gradient_boosting,raw_mean_indicator,48,all_official_labels,exclude_hard_and_death_gap_gt10,0.13349263491347943,1766,0.1274065685164213,0.8589083567668901,0.5037716203794347,0.08360400053839889,0.2754898571336969,0.7911111111111111,0.7845554834523037,0.34901960784313724,0.48435374149659866
hist_gradient_boosting,raw_mean_indicator,48,exclude_hard_rule_anomalies,exclude_hard_rule_anomalies,0.09558660687691226,1782,0.13524130190796857,0.858506493331646,0.523346642783464,0.08683126500679242,0.285537928846411,0.8589211618257261,0.6937053861129137,0.30486008836524303,0.45
hist_gradient_boosting,raw_mean_indicator,48,exclude_hard_rule_anomalies,exclude_hard_and_death_gap_gt2,0.09558660687691226,1728,0.10821759259259259,0.8512633299440948,0.45377076129389576,0.07586755223629138,0.25648211512733826,0.839572192513369,0.6937053861129137,0.24960254372019078,0.38480392156862747
hist_gradient_boosting,raw_mean_indicator,48,exclude_hard_rule_anomalies,exclude_hard_and_death_gap_gt5,0.09558660687691226,1753,0.12093553907586994,0.8512727584391414,0.478206363732701,0.08175290741412196,0.2727630004164949,0.8443396226415094,0.6937053861129137,0.2749615975422427,0.4148319814600232
hist_gradient_boosting,raw_mean_indicator,48,exclude_hard_rule_anomalies,exclude_hard_and_death_gap_gt10,0.09558660687691226,1766,0.1274065685164213,0.8556175643521523,0.4995475802954091,0.08393216890511616,0.27801630074941197,0.8533333333333334,0.6937053861129137,0.2891566265060241,0.43194600674915634
