experiment,feature_set,horizon_hours,model,split,threshold_selection,n,prevalence,auroc,auprc,brier,log_loss,threshold,sensitivity,specificity,precision,f1
static_logistic,静态信息,,LogisticRegression,validation,maximum validation Youden J,1800,0.14222222222222222,0.7021712070919689,0.27872860083942513,0.11398611962795258,0.3771951198577881,0.1460675448179245,0.7109375,0.6113989637305699,0.23273657289002558,0.35067437379576105
static_logistic,静态信息,,LogisticRegression,test,maximum validation Youden J,1800,0.14222222222222222,0.6746048210816061,0.23905282467999261,0.11660313606262207,0.3882312774658203,0.1460675448179245,0.6484375,0.5880829015544041,0.20698254364089774,0.31379962192816635
scores_reference_logistic,SAPS-I+SOFA参照（非时间匹配）,,LogisticRegression,validation,maximum validation Youden J,1800,0.14222222222222222,0.6728249979760362,0.29541880370540113,0.11451063935041787,0.38180245723177814,0.13548821834360336,0.68359375,0.569300518134715,0.20833333333333334,0.3193430656934307
scores_reference_logistic,SAPS-I+SOFA参照（非时间匹配）,,LogisticRegression,test,maximum validation Youden J,1800,0.14222222222222222,0.658232219478627,0.2735402221197057,0.11602537874532212,0.3861168569256238,0.13548821834360336,0.62890625,0.5628238341968912,0.19258373205741627,0.2948717948717949
6h_logistic,前6小时原始记录,6.0,LogisticRegression,validation,maximum validation Youden J,1800,0.14222222222222222,0.7706064807318652,0.3516237057815844,0.11022771894931793,0.36254003643989563,0.14908255636692047,0.71484375,0.7202072538860104,0.2975609756097561,0.42020665901262916
6h_logistic,前6小时原始记录,6.0,LogisticRegression,test,maximum validation Youden J,1800,0.14222222222222222,0.7671910419365284,0.3340454341250467,0.11097639054059982,0.3692556619644165,0.14908255636692047,0.66015625,0.7318652849740933,0.28987993138936535,0.4028605482717521
6h_hist_gradient_boosting,前6小时原始记录,6.0,HistGradientBoostingClassifier,validation,maximum validation Youden J,1800,0.14222222222222222,0.7929776048413213,0.3949082351534523,0.10370780532431388,0.3381662970615353,0.11182986044181709,0.828125,0.633419689119171,0.27249357326478146,0.41005802707930367
6h_hist_gradient_boosting,前6小时原始记录,6.0,HistGradientBoostingClassifier,test,maximum validation Youden J,1800,0.14222222222222222,0.8012783860913213,0.4105268094781316,0.10299187745492208,0.3340713457145028,0.11182986044181709,0.8046875,0.6353626943005182,0.26788036410923277,0.40195121951219515
12h_logistic,前12小时原始记录,12.0,LogisticRegression,validation,maximum validation Youden J,1800,0.14222222222222222,0.7898948550841969,0.3670058303346195,0.10907568037509918,0.35969001054763794,0.1322483867406845,0.78125,0.7059585492227979,0.3058103975535168,0.43956043956043955
12h_logistic,前12小时原始记录,12.0,LogisticRegression,test,maximum validation Youden J,1800,0.14222222222222222,0.7926525056670984,0.36831248537052264,0.10740149021148682,0.3610875904560089,0.1322483867406845,0.765625,0.716321243523316,0.30914826498422715,0.4404494382022472
12h_hist_gradient_boosting,前12小时原始记录,12.0,HistGradientBoostingClassifier,validation,maximum validation Youden J,1800,0.14222222222222222,0.8216609658354923,0.4221684326402805,0.09983672942223075,0.32420639801663953,0.15562232220386657,0.75390625,0.7564766839378239,0.3391915641476274,0.4678787878787879
12h_hist_gradient_boosting,前12小时原始记录,12.0,HistGradientBoostingClassifier,test,maximum validation Youden J,1800,0.14222222222222222,0.8294253966968912,0.4257311003031814,0.09986271233438997,0.32166584355537553,0.15562232220386657,0.72265625,0.7597150259067358,0.3327338129496403,0.45566502463054187
24h_logistic,前24小时原始记录,24.0,LogisticRegression,validation,maximum validation Youden J,1800,0.14222222222222222,0.816585876781088,0.4229306346918944,0.10198542475700378,0.34162637591362,0.12266448140144348,0.79296875,0.7150259067357513,0.3157076205287714,0.45161290322580644
24h_logistic,前24小时原始记录,24.0,LogisticRegression,test,maximum validation Youden J,1800,0.14222222222222222,0.8215648275582903,0.4263877081086078,0.1019175723195076,0.3368331491947174,0.12266448140144348,0.78125,0.7318652849740933,0.3257328990228013,0.45977011494252873
24h_hist_gradient_boosting,前24小时原始记录,24.0,HistGradientBoostingClassifier,validation,maximum validation Youden J,1800,0.14222222222222222,0.8433856865284974,0.48980471950793836,0.09478667397307602,0.30761636794678554,0.12307226715476566,0.8359375,0.7143782383419689,0.3267175572519084,0.4698133918770582
24h_hist_gradient_boosting,前24小时原始记录,24.0,HistGradientBoostingClassifier,test,maximum validation Youden J,1800,0.14222222222222222,0.8464241620790156,0.45425494027651464,0.0969589386719599,0.3093355263357513,0.12307226715476566,0.82421875,0.7098445595854922,0.3201820940819423,0.46120218579234973
48h_logistic,前48小时原始记录,48.0,LogisticRegression,validation,maximum validation Youden J,1800,0.14222222222222222,0.8608600833873058,0.552902509467488,0.08946968615055084,0.2959847152233124,0.15891577303409576,0.77734375,0.7946891191709845,0.3856589147286822,0.5155440414507773
48h_logistic,前48小时原始记录,48.0,LogisticRegression,test,maximum validation Youden J,1800,0.14222222222222222,0.8440384148316064,0.5108797734752867,0.09533455222845078,0.3207009434700012,0.15891577303409576,0.72265625,0.8082901554404145,0.38461538461538464,0.5020352781546812
48h_hist_gradient_boosting,前48小时原始记录,48.0,HistGradientBoostingClassifier,validation,maximum validation Youden J,1800,0.14222222222222222,0.8810339418717616,0.5883621404078362,0.08475843143929104,0.2757557175872942,0.11591948780655201,0.8671875,0.7454663212435233,0.36097560975609755,0.5097588978185993
48h_hist_gradient_boosting,前48小时原始记录,48.0,HistGradientBoostingClassifier,test,maximum validation Youden J,1800,0.14222222222222222,0.869451809423575,0.5566689590493755,0.08772125474496213,0.2853305331203933,0.11591948780655201,0.82421875,0.7441709844559585,0.3481848184818482,0.4895591647331787
