strategy,fold,n,prevalence,auroc,auprc,brier,log_loss,threshold,sensitivity,specificity,precision,alerts_per_100,false_negatives,true_positives,false_positives,true_negatives
median_indicator,1,1680,0.14226190476190476,0.8299182053374137,0.47819873459844886,0.09620325791501601,0.31489887999030736,0.5,0.200836820083682,0.9791811242192922,0.6153846153846154,4.642857142857143,191,48,30,1411
median_indicator,2,1680,0.14226190476190476,0.8236609281676196,0.4258542286519641,0.0998867214697348,0.32265762058404246,0.5,0.1589958158995816,0.9798750867453158,0.5671641791044776,3.988095238095238,201,38,29,1412
median_indicator,3,1680,0.14226190476190476,0.8417765440666205,0.48287997051043746,0.09515235801519231,0.3085707475287658,0.5,0.20502092050209206,0.9805690492713394,0.6363636363636364,4.583333333333333,190,49,28,1413
median_indicator,4,1680,0.14226190476190476,0.8457138377289133,0.4874668142422691,0.09480321750680872,0.3083506951714283,0.5,0.18828451882845187,0.9861207494795281,0.6923076923076923,3.869047619047619,194,45,20,1421
median_indicator,5,1680,0.14226190476190476,0.841756218804352,0.48164879929312965,0.09524761015189534,0.30899207050566574,0.5,0.16736401673640167,0.9847328244274809,0.6451612903225806,3.6904761904761907,199,40,22,1419
median_only,1,1680,0.14226190476190476,0.8297352779769975,0.47699498516014044,0.09625091327337952,0.3148396783188076,0.5,0.18828451882845187,0.9784871616932685,0.5921052631578947,4.523809523809524,194,45,31,1410
median_only,2,1680,0.14226190476190476,0.823681253429888,0.4259565061043157,0.09987498947745317,0.3226240805667708,0.5,0.1589958158995816,0.9798750867453158,0.5671641791044776,3.988095238095238,201,38,29,1412
median_only,3,1680,0.14226190476190476,0.8417765440666205,0.48287997051043746,0.09515235801519231,0.3085707475287658,0.5,0.20502092050209206,0.9805690492713394,0.6363636363636364,4.583333333333333,190,49,28,1413
median_only,4,1680,0.14226190476190476,0.8457138377289133,0.4874668142422691,0.09480321750680872,0.3083506951714283,0.5,0.18828451882845187,0.9861207494795281,0.6923076923076923,3.869047619047619,194,45,20,1421
median_only,5,1680,0.14226190476190476,0.8428595901846405,0.4773887983583473,0.09550201513580713,0.3089177486634278,0.5,0.16736401673640167,0.9826509368494102,0.6153846153846154,3.869047619047619,199,40,25,1416
mean_indicator,1,1680,0.14226190476190476,0.8210941379040008,0.4703449149785205,0.09738308168485464,0.3200214301162965,0.5,0.1799163179916318,0.9847328244274809,0.6615384615384615,3.869047619047619,196,43,22,1419
mean_indicator,2,1680,0.14226190476190476,0.8240645298040935,0.41437294368836247,0.10001001847783768,0.32307629540190924,0.5,0.1589958158995816,0.9777931991672449,0.5428571428571428,4.166666666666667,201,38,32,1409
mean_indicator,3,1680,0.14226190476190476,0.8389745614824665,0.473282973453962,0.09601782615155376,0.31318393063344385,0.5,0.1589958158995816,0.9875086745315753,0.6785714285714286,3.3333333333333335,201,38,18,1423
mean_indicator,4,1680,0.14226190476190476,0.8450343932473671,0.48011516980553226,0.0953063836823661,0.31012125723427464,0.5,0.16317991631799164,0.9875086745315753,0.6842105263157895,3.392857142857143,200,39,18,1423
mean_indicator,5,1680,0.14226190476190476,0.8338729206530798,0.46911234967963095,0.0967133896685555,0.3143029331142594,0.5,0.16736401673640167,0.9826509368494102,0.6153846153846154,3.869047619047619,199,40,25,1416
native_missing,1,1680,0.14226190476190476,0.8219884494438138,0.44396892490814654,0.09876643190358707,0.3234552151521816,0.5,0.14225941422594143,0.9875086745315753,0.6538461538461539,3.0952380952380953,205,34,18,1423
native_missing,2,1680,0.14226190476190476,0.8236783498209925,0.4286962742190682,0.09977855931690506,0.3224811696428101,0.5,0.1589958158995816,0.9750173490631506,0.5135135135135135,4.404761904761905,201,38,36,1405
native_missing,3,1680,0.14226190476190476,0.8398688730222793,0.47336105942802875,0.09558460869910712,0.31111175734329305,0.5,0.17573221757322174,0.9854267869535045,0.6666666666666666,3.75,197,42,21,1420
native_missing,4,1680,0.14226190476190476,0.8454496093194231,0.4710650541566337,0.09570034677843846,0.3099747589076328,0.5,0.1589958158995816,0.9854267869535045,0.6440677966101694,3.511904761904762,201,38,21,1420
native_missing,5,1680,0.14226190476190476,0.8412742197276996,0.46476183193540527,0.09616374562517724,0.31115946421896434,0.5,0.17154811715481172,0.9847328244274809,0.6507936507936508,3.75,198,41,22,1419
winsor_median_indicator,1,1680,0.14226190476190476,0.8315616479722647,0.4806973889010802,0.0960346954302363,0.3138555129609298,0.5,0.20920502092050208,0.9777931991672449,0.6097560975609756,4.880952380952381,189,50,32,1409
winsor_median_indicator,2,1680,0.14226190476190476,0.819099358592795,0.4080525900195144,0.10088136314654218,0.32613358467413034,0.5,0.14644351464435146,0.9770992366412213,0.5147058823529411,4.0476190476190474,204,35,33,1408
winsor_median_indicator,3,1680,0.14226190476190476,0.8386551645039619,0.4669075909238513,0.09623911659146761,0.31226189745623195,0.5,0.17573221757322174,0.9826509368494102,0.6268656716417911,3.988095238095238,197,42,25,1416
winsor_median_indicator,4,1680,0.14226190476190476,0.8451418267765005,0.4843735870137311,0.09496090193700495,0.3079208460420605,0.5,0.18410041841004185,0.9847328244274809,0.6666666666666666,3.9285714285714284,195,44,22,1419
winsor_median_indicator,5,1680,0.14226190476190476,0.8409548227491949,0.47216442259086955,0.09574925996244141,0.3100668138291612,0.5,0.16317991631799164,0.9826509368494102,0.609375,3.8095238095238093,200,39,25,1416
physiologic_median_indicator,1,1680,0.14226190476190476,0.8350517858646511,0.4877258477481665,0.09527125140697364,0.3118323955694073,0.5,0.17573221757322174,0.9805690492713394,0.6,4.166666666666667,197,42,28,1413
physiologic_median_indicator,2,1680,0.14226190476190476,0.8253711538070667,0.41842389642917355,0.09972779927377401,0.3219986592339203,0.5,0.17154811715481172,0.9764052741151977,0.5466666666666666,4.464285714285714,198,41,34,1407
physiologic_median_indicator,3,1680,0.14226190476190476,0.8388380918643783,0.4730292130393779,0.09590619754659602,0.31218862216618526,0.5,0.1506276150627615,0.9819569743233866,0.5806451612903226,3.6904761904761907,203,36,26,1415
physiologic_median_indicator,4,1680,0.14226190476190476,0.8485303383575445,0.46737675750602287,0.0953195890476566,0.3074255356232085,0.5,0.16736401673640167,0.9784871616932685,0.5633802816901409,4.226190476190476,199,40,31,1410
physiologic_median_indicator,5,1680,0.14226190476190476,0.840937401095822,0.4790295697147086,0.09560847947864898,0.3100509158528747,0.5,0.17154811715481172,0.9847328244274809,0.6507936507936508,3.75,198,41,22,1419
physiologic_winsor_indicator,1,1680,0.14226190476190476,0.8318549124707098,0.4799103867111795,0.09590695947414703,0.31393413197220693,0.5,0.20920502092050208,0.981263011797363,0.6493506493506493,4.583333333333333,189,50,27,1414
physiologic_winsor_indicator,2,1680,0.14226190476190476,0.8237306147811115,0.41473485072520855,0.10001291247854488,0.32319885420357697,0.5,0.16736401673640167,0.9764052741151977,0.5405405405405406,4.404761904761905,199,40,34,1407
physiologic_winsor_indicator,3,1680,0.14226190476190476,0.8402463421786939,0.46901108364228955,0.09596616633517732,0.31233264690213686,0.5,0.15481171548117154,0.9847328244274809,0.6271186440677966,3.511904761904762,202,37,22,1419
physiologic_winsor_indicator,4,1680,0.14226190476190476,0.8509519481763883,0.4772865662958053,0.0947747629871336,0.3057302791750511,0.5,0.17154811715481172,0.9847328244274809,0.6507936507936508,3.75,198,41,22,1419
physiologic_winsor_indicator,5,1680,0.14226190476190476,0.8323311043295712,0.46363828608637636,0.09723271071528733,0.3159162017909497,0.5,0.15481171548117154,0.9868147120055517,0.6607142857142857,3.3333333333333335,202,37,19,1422
