feature,feature_value,average_probability
GCS__last,3.0,0.2407481822168692
GCS__last,4.0,0.2407481822168692
GCS__last,5.0,0.2407481822168692
GCS__last,6.0,0.21976072826689103
GCS__last,7.0,0.20252841995889753
GCS__last,8.0,0.18246335363021465
GCS__last,9.0,0.13947243136115475
GCS__last,10.0,0.13806815152135096
GCS__last,11.0,0.12332171008529094
GCS__last,12.0,0.12332171008529094
GCS__last,13.0,0.11499409234504133
GCS__last,14.0,0.07414478922417629
GCS__last,15.0,0.07015459184730921
Age,31.409999999999997,0.08306623339257388
Age,34.38842105263158,0.08306623339257388
Age,37.36684210526315,0.08306623339257388
Age,40.345263157894735,0.0859625147626367
Age,43.32368421052631,0.08657273179713662
Age,46.30210526315789,0.08657273179713662
Age,49.28052631578947,0.10101161707999927
Age,52.25894736842105,0.10115515906831493
Age,55.23736842105263,0.10446524695006591
Age,58.21578947368421,0.10730064493421018
Age,61.194210526315786,0.10917332960254138
Age,64.17263157894737,0.1127727217291492
Age,67.15105263157895,0.12470536779068532
Age,70.12947368421052,0.12685497137689808
Age,73.1078947368421,0.12777010581568754
Age,76.08631578947367,0.13589291947462798
Age,79.06473684210526,0.1375887024262655
Age,82.04315789473685,0.14561599920296872
Age,85.02157894736843,0.14771999174492373
Age,88.0,0.15767231532964004
GCS__mean,5.184147624969482,0.13078949920012253
GCS__mean,5.700771434181615,0.13078949920012253
GCS__mean,6.217395243393747,0.12588237885307302
GCS__mean,6.73401905260588,0.12414778486989336
GCS__mean,7.250642861818012,0.12414778486989336
GCS__mean,7.767266671030145,0.12349738311073397
GCS__mean,8.283890480242277,0.1229755113679375
GCS__mean,8.80051428945441,0.12229073443034627
GCS__mean,9.317138098666543,0.12229073443034627
GCS__mean,9.833761907878674,0.1213390833299237
GCS__mean,10.350385717090807,0.11882234764836395
GCS__mean,10.86700952630294,0.11882234764836395
GCS__mean,11.383633335515073,0.11882234764836395
GCS__mean,11.900257144727206,0.11882234764836395
GCS__mean,12.416880953939337,0.11882234764836395
GCS__mean,12.93350476315147,0.11882234764836395
GCS__mean,13.450128572363603,0.11882234764836395
GCS__mean,13.966752381575736,0.11882234764836395
GCS__mean,14.483376190787869,0.11882234764836395
GCS__mean,15.0,0.11882234764836395
