model,mean_fit_time,std_fit_time,mean_score_time,std_score_time,param_model__C,param_model__class_weight,params,split0_test_score,split1_test_score,split2_test_score,split3_test_score,split4_test_score,mean_test_score,std_test_score,rank_test_score,split0_train_score,split1_train_score,split2_train_score,split3_train_score,split4_train_score,mean_train_score,std_train_score,param_model__l2_regularization,param_model__learning_rate,param_model__max_leaf_nodes
logistic,1.1421002864837646,0.4193849872091738,0.0834747314453125,0.0633186425403646,0.01,,"{'model__C': 0.01, 'model__class_weight': None}",0.5842584445158663,0.5256684940655749,0.5481886203767767,0.5144295165255821,0.523232766522022,0.5391555684011644,0.025150267978621552,1,0.613788278282302,0.6272534318781756,0.6283865582379965,0.6325977223647637,0.6341815688475102,0.6272415119221496,0.007199363151722913,,,
logistic,1.585694169998169,0.17000081082085497,0.07536516189575196,0.025370296579744097,0.01,balanced,"{'model__C': 0.01, 'model__class_weight': 'balanced'}",0.5681782615638712,0.5221127724164889,0.5495666306609333,0.4991473862108686,0.5096155964745602,0.5297241294653443,0.025572126279856514,2,0.5878770022074981,0.6038208998110481,0.6065545624807361,0.6099534262500864,0.611006672505902,0.603842512651054,0.008377608925671827,,,
logistic,2.6236832618713377,0.531425518552365,0.06331124305725097,0.005054798258862891,0.1,,"{'model__C': 0.1, 'model__class_weight': None}",0.5617967068959548,0.5107409180951543,0.5372612433333451,0.5107078257291535,0.5085806362916706,0.5258174660690557,0.020871883668417534,3,0.6398013722653486,0.6536230006999989,0.6533807868159451,0.6553263179816795,0.6599761030809419,0.6524215161687829,0.006740051251766852,,,
logistic,3.5043070316314697,0.38478836403462646,0.08696990013122559,0.03134952831168556,0.1,balanced,"{'model__C': 0.1, 'model__class_weight': 'balanced'}",0.5552117332230484,0.5116834586294645,0.5335220846082861,0.4846497666801292,0.49723177019732434,0.5164597626676505,0.025287319634008473,4,0.5990428490352341,0.6163743401676252,0.6192115159392579,0.6202297347408805,0.6260464794682786,0.6161809838702552,0.0091286095754979,,,
logistic,4.8396049499511715,1.1183387682505415,0.14362473487854005,0.11425547495606596,1.0,,"{'model__C': 1.0, 'model__class_weight': None}",0.5587829774702301,0.50062144803391,0.5252664815841395,0.5033596805596486,0.47614727961714415,0.5128355734530146,0.02775139536438854,5,0.6512348081729624,0.6658206589870501,0.6654743328302858,0.6660866156357523,0.6721784333365133,0.6641589697925128,0.0069217477344837115,,,
logistic,7.320750522613525,0.7806149149863572,0.1418004512786865,0.0758216152685959,1.0,balanced,"{'model__C': 1.0, 'model__class_weight': 'balanced'}",0.5468224408330704,0.49751828231662765,0.5224958768374386,0.47437771360984426,0.4692181254916159,0.5020864878177194,0.02928078743460687,6,0.6034613199895655,0.6229278016523133,0.6246689072489486,0.6250563344554103,0.631224967516258,0.6214678661724993,0.009430714843173855,,,
logistic,8.16877303123474,0.2567587279091814,0.06975517272949219,0.008414824344304902,10.0,,"{'model__C': 10.0, 'model__class_weight': None}",0.534370176312419,0.4881775070476627,0.5234738218113248,0.4960208096788874,0.4549998000753604,0.4994084229851309,0.027968563788050422,7,0.6572450085262445,0.6722453135624362,0.6701052649841274,0.6721322074641743,0.6771517565845194,0.6697759102243003,0.006681095284199323,,,
logistic,8.032726812362672,0.5831778952290207,0.025507736206054687,0.007186065111980672,10.0,balanced,"{'model__C': 10.0, 'model__class_weight': 'balanced'}",0.5183667203944995,0.48554968176256635,0.5206583829683263,0.4710202359068596,0.4495578383063688,0.4890305718677241,0.02740625307317125,8,0.6069111129576246,0.6255609981496999,0.6245782136779545,0.6270179111275294,0.6316690403424927,0.6231474552510601,0.008474537288035607,,,
hist_gradient_boosting,21.27638111114502,2.681093705300475,0.7199856758117675,0.1774256804324187,,,"{'model__l2_regularization': 0.0, 'model__learning_rate': 0.03, 'model__max_leaf_nodes': 15}",0.588225807466374,0.5873179718291813,0.554860402483407,0.5899199707044592,0.5423035210844583,0.572525534713576,0.01996651280659822,1,0.9185314023625152,0.8797048924732718,0.8725305952683405,0.886758396861995,0.875794732473309,0.8866640038878864,0.016624461059211254,0.0,0.03,15.0
hist_gradient_boosting,32.84369854927063,2.8669067645324344,0.5990032196044922,0.11626631881657672,,,"{'model__l2_regularization': 0.0, 'model__learning_rate': 0.03, 'model__max_leaf_nodes': 31}",0.5862500450006158,0.5717479550429211,0.5462871427892021,0.5740805374056266,0.542830742327403,0.5642392845131537,0.016842262554957025,5,0.9687134921614958,0.9553876190470504,0.9675534994325016,0.9565190365602635,0.9577007877850338,0.9611748869972689,0.005740314335937649,0.0,0.03,31.0
hist_gradient_boosting,10.228992223739624,1.1221497603298,0.31204829216003416,0.04633648601421208,,,"{'model__l2_regularization': 0.0, 'model__learning_rate': 0.06, 'model__max_leaf_nodes': 15}",0.5734828577503364,0.5690479806664651,0.5618671282952244,0.5764236809310852,0.5527624753265481,0.5667168245939319,0.00852853997966871,3,0.873686090530047,0.8920465144939664,0.8685320045147762,0.8517283004033834,0.8965550342417081,0.8765095888367762,0.01630301929754665,0.0,0.06,15.0
hist_gradient_boosting,17.86196622848511,1.9566651621570932,0.43628635406494143,0.1796454199063948,,,"{'model__l2_regularization': 0.0, 'model__learning_rate': 0.06, 'model__max_leaf_nodes': 31}",0.5656251575215163,0.5772562511625748,0.5537146697411026,0.5727265579462492,0.5302355705810864,0.5599116413905059,0.016833142768743554,7,0.968416483127959,0.9648987079498168,0.9654741972992315,0.9549351074392581,0.9620912076593541,0.963163140695124,0.004578217005175381,0.0,0.06,31.0
hist_gradient_boosting,21.03707218170166,3.2359740859272117,0.5377098560333252,0.10395329379438696,,,"{'model__l2_regularization': 1.0, 'model__learning_rate': 0.03, 'model__max_leaf_nodes': 15}",0.5835328669368244,0.5637582758992334,0.5534939699869444,0.5792218595753212,0.5387954315686775,0.5637604807934002,0.01648427383560568,6,0.892937114289382,0.8576653627719069,0.9004308131668247,0.8316905033310383,0.8728643003053947,0.8711176187729093,0.024794617440597466,1.0,0.03,15.0
hist_gradient_boosting,26.42023115158081,1.7408751771567723,0.2772244930267334,0.11401328005768614,,,"{'model__l2_regularization': 1.0, 'model__learning_rate': 0.03, 'model__max_leaf_nodes': 31}",0.5819560454894983,0.5637386376470253,0.5511219659578785,0.5740781830553194,0.5510892387951462,0.5643968141889736,0.012294729454306487,4,0.9487213376811947,0.9554522898453536,0.9538790400139664,0.9285739533103076,0.9592804240754078,0.9491814089852462,0.010846756979248128,1.0,0.03,31.0
hist_gradient_boosting,12.35981307029724,1.396471468672826,0.3655235290527344,0.02873881054423112,,,"{'model__l2_regularization': 1.0, 'model__learning_rate': 0.06, 'model__max_leaf_nodes': 15}",0.5806526749759391,0.5860804912848463,0.5625936967825909,0.5788440040673599,0.5443960507207238,0.570513383566292,0.015227447748468905,2,0.9018693584953833,0.9088846486961039,0.8944578094389569,0.8546242401475993,0.8922100004935883,0.8904092114543264,0.018830161495355605,1.0,0.06,15.0
hist_gradient_boosting,13.331170034408569,0.9039228092383637,0.159429931640625,0.041203546109761215,,,"{'model__l2_regularization': 1.0, 'model__learning_rate': 0.06, 'model__max_leaf_nodes': 31}",0.5504119552117516,0.5616116485789094,0.5581778664064361,0.5724333920762394,0.5503376155325413,0.5585944955611756,0.00819660763141505,8,0.9220177557353952,0.9653366679250405,0.9629696509489889,0.9627228247348876,0.9612707795649474,0.954863535781852,0.01647459900935445,1.0,0.06,31.0
